ID,Name,Number,Generation,Type1,Type2,Category,Health,Attack,Defence,Special Attack,Special Defence,Speed,Evolves From,Alternate Of
1,Bulbasaur,1,1,Grass,Poison,Starter,45,49,49,65,65,45,,
2,Ivysaur,2,1,Grass,Poison,Standard,60,62,63,80,80,60,1.0,
3,Venusaur,3,1,Grass,Poison,Standard,80,82,83,100,100,80,2.0,
4,Venusaur (Mega Venusaur),3,6,Grass,Poison,Mega,80,100,123,122,120,80,3.0,
5,Venusaur (Gigantamax Venusaur),3,8,Grass,Poison,Gigantamax,80,82,83,100,100,80,3.0,
6,Charmander,4,1,Fire,,Starter,39,52,43,60,50,65,,
7,Charmeleon,5,1,Fire,,Standard,58,64,58,80,65,80,6.0,
8,Charizard,6,1,Fire,Flying,Standard,78,84,78,109,85,100,7.0,
9,Charizard (Mega Charizard X),6,6,Fire,Dragon,Mega,78,130,111,130,85,100,8.0,
10,Charizard (Mega Charizard Y),6,6,Fire,Flying,Mega,78,104,78,159,115,100,8.0,9.0
11,Charizard (Gigantamax Charizard),6,8,Fire,Flying,Gigantamax,78,84,78,109,85,100,8.0,
12,Squirtle,7,1,Water,,Starter,44,48,65,50,64,43,,
13,Wartortle,8,1,Water,,Standard,59,63,80,65,80,58,12.0,
14,Blastoise,9,1,Water,,Standard,79,83,100,85,105,78,13.0,
15,Blastoise (Mega Blastoise),9,6,Water,,Mega,79,103,120,135,115,78,14.0,
16,Blastoise (Gigantamax Blastoise),9,8,Water,,Gigantamax,79,83,100,85,105,78,14.0,
17,Caterpie,10,1,Bug,,Standard,45,30,35,20,20,45,,
18,Metapod,11,1,Bug,,Standard,50,20,55,25,25,30,17.0,
19,Butterfree,12,1,Bug,Flying,Standard,60,45,50,90,80,70,18.0,
20,Butterfree (Gigantamax Butterfree),12,8,Bug,Flying,Gigantamax,60,45,50,90,80,70,19.0,
21,Weedle,13,1,Bug,Poison,Standard,40,35,30,20,20,50,,
22,Kakuna,14,1,Bug,Poison,Standard,45,25,50,25,25,35,21.0,
23,Beedrill,15,1,Bug,Poison,Standard,65,90,40,45,80,75,22.0,
24,Beedrill (Mega Beedrill),15,6,Bug,Poison,Mega,65,150,40,15,80,145,23.0,
25,Pidgey,16,1,Normal,Flying,Standard,40,45,40,35,35,56,,
26,Pidgeotto,17,1,Normal,Flying,Standard,63,60,55,50,50,71,25.0,
27,Pidgeot,18,1,Normal,Flying,Standard,83,80,75,70,70,101,26.0,
28,Pidgeot (Mega Pidgeot),18,6,Normal,Flying,Mega,83,80,80,135,80,121,27.0,
29,Rattata,19,1,Normal,,Standard,30,56,35,25,35,72,,
30,Rattata (Alolan Rattata),19,7,Dark,Normal,Standard,30,56,35,25,35,72,,29.0
31,Raticate,20,1,Normal,,Standard,55,81,60,50,70,97,29.0,
32,Raticate (Alolan Raticate),20,7,Dark,Normal,Standard,75,71,70,40,80,77,30.0,31.0
33,Spearow,21,1,Normal,Flying,Standard,40,60,30,31,31,70,,
34,Fearow,22,1,Normal,Flying,Standard,65,90,65,61,61,100,33.0,
35,Ekans,23,1,Poison,,Standard,35,60,44,40,54,55,,
36,Arbok,24,1,Poison,,Standard,60,95,69,65,79,80,35.0,
37,Pikachu,25,1,Electric,,Standard,35,55,40,50,50,90,238.0,
38,Pikachu (Partner Pikachu),25,7,Electric,,Standard,45,80,50,75,60,120,238.0,37.0
39,Pikachu (Gigantamax Pikachu),25,8,Electric,,Gigantamax,35,55,40,50,50,90,37.0,
40,Raichu,26,1,Electric,,Standard,60,90,55,90,80,110,37.0,
41,Raichu (Alolan Raichu),26,7,Electric,Psychic,Standard,60,85,50,95,85,110,37.0,40.0
42,Sandshrew,27,1,Ground,,Standard,50,75,85,20,30,40,,
43,Sandshrew (Alolan Sandshrew),27,7,Ice,Steel,Standard,50,75,90,10,35,40,,42.0
44,Sandslash,28,1,Ground,,Standard,75,100,110,45,55,65,42.0,
45,Sandslash (Alolan Sandslash),28,7,Ice,Steel,Standard,75,100,120,25,65,65,43.0,44.0
46,Nidoran ♀,29,1,Poison,,Standard,55,47,52,40,40,41,,
47,Nidorina,30,1,Poison,,Standard,70,62,67,55,55,56,46.0,
48,Nidoqueen,31,1,Poison,Ground,Standard,90,92,87,75,85,76,47.0,
49,Nidoran ♂,32,1,Poison,,Standard,46,57,40,40,40,50,,
50,Nidorino,33,1,Poison,,Standard,61,72,57,55,55,65,49.0,
51,Nidoking,34,1,Poison,Ground,Standard,81,102,77,85,75,85,50.0,
52,Clefairy,35,1,Fairy,,Standard,70,45,48,60,65,35,239.0,
53,Clefable,36,1,Fairy,,Standard,95,70,73,95,90,60,52.0,
54,Vulpix,37,1,Fire,,Standard,38,41,40,50,65,65,,
55,Vulpix (Alolan Vulpix),37,7,Ice,,Standard,38,41,40,50,65,65,,54.0
56,Ninetales,38,1,Fire,,Standard,73,76,75,81,100,100,54.0,
57,Ninetales (Alolan Ninetales),38,7,Ice,Fairy,Standard,73,67,75,81,100,109,55.0,56.0
58,Jigglypuff,39,1,Normal,Fairy,Standard,115,45,20,45,25,20,240.0,
59,Wigglytuff,40,1,Normal,Fairy,Standard,140,70,45,85,50,45,58.0,
60,Zubat,41,1,Poison,Flying,Standard,40,45,35,30,40,55,,
61,Golbat,42,1,Poison,Flying,Standard,75,80,70,65,75,90,60.0,
62,Oddish,43,1,Grass,Poison,Standard,45,50,55,75,65,30,,
63,Gloom,44,1,Grass,Poison,Standard,60,65,70,85,75,40,62.0,
64,Vileplume,45,1,Grass,Poison,Standard,75,80,85,110,90,50,63.0,
65,Paras,46,1,Bug,Grass,Standard,35,70,55,45,55,25,,
66,Parasect,47,1,Bug,Grass,Standard,60,95,80,60,80,30,65.0,
67,Venonat,48,1,Bug,Poison,Standard,60,55,50,40,55,45,,
68,Venomoth,49,1,Bug,Poison,Standard,70,65,60,90,75,90,67.0,
69,Diglett,50,1,Ground,,Standard,10,55,25,35,45,95,,
70,Diglett (Alolan Diglett),50,7,Ground,Steel,Standard,10,55,30,35,45,90,,69.0
71,Dugtrio,51,1,Ground,,Standard,35,100,50,50,70,120,69.0,
72,Dugtrio (Alolan Dugtrio),51,7,Ground,Steel,Standard,35,100,60,50,70,110,70.0,71.0
73,Meowth,52,1,Normal,,Standard,40,45,35,40,40,90,,
74,Meowth (Alolan Meowth),52,7,Dark,,Standard,40,35,35,50,40,90,,73.0
75,Meowth (Galarian Meowth),52,8,Steel,,Standard,50,65,55,40,40,40,,73.0
76,Meowth (Gigantamax Meowth),52,8,Normal,,Gigantamax,40,45,35,40,40,90,73.0,
77,Persian,53,1,Normal,,Standard,65,70,60,65,65,115,73.0,
78,Persian (Alolan Persian),53,7,Dark,,Standard,65,60,60,75,65,115,74.0,77.0
79,Psyduck,54,1,Water,,Standard,50,52,48,65,50,55,,
80,Golduck,55,1,Water,,Standard,80,82,78,95,80,85,79.0,
81,Mankey,56,1,Fighting,,Standard,40,80,35,35,45,70,,
82,Primeape,57,1,Fighting,,Standard,65,105,60,60,70,95,81.0,
83,Growlithe,58,1,Fire,,Standard,55,70,45,70,50,60,,
84,Growlithe (Hisuian Growlithe),58,8,Fire,Rock,Standard,60,75,45,65,50,55,,83.0
85,Arcanine,59,1,Fire,,Standard,90,110,80,100,80,95,83.0,
86,Arcanine (Hisuian Arcanine),59,8,Fire,Rock,Standard,95,115,80,95,80,90,84.0,85.0
87,Poliwag,60,1,Water,,Standard,40,50,40,40,40,90,,
88,Poliwhirl,61,1,Water,,Standard,65,65,65,50,50,90,87.0,
89,Poliwrath,62,1,Water,Fighting,Standard,90,95,95,70,90,70,88.0,
90,Abra,63,1,Psychic,,Standard,25,20,15,105,55,90,,
91,Kadabra,64,1,Psychic,,Standard,40,35,30,120,70,105,90.0,
92,Alakazam,65,1,Psychic,,Standard,55,50,45,135,95,120,91.0,
93,Alakazam (Mega Alakazam),65,6,Psychic,,Mega,55,50,65,175,105,150,92.0,
94,Machop,66,1,Fighting,,Standard,70,80,50,35,35,35,,
95,Machoke,67,1,Fighting,,Standard,80,100,70,50,60,45,94.0,
96,Machamp,68,1,Fighting,,Standard,90,130,80,65,85,55,95.0,
97,Machamp (Gigantamax Machamp),68,8,Fighting,,Gigantamax,90,130,80,65,85,55,96.0,
98,Bellsprout,69,1,Grass,Poison,Standard,50,75,35,70,30,40,,
99,Weepinbell,70,1,Grass,Poison,Standard,65,90,50,85,45,55,98.0,
100,Victreebel,71,1,Grass,Poison,Standard,80,105,65,100,70,70,99.0,
101,Tentacool,72,1,Water,Poison,Standard,40,40,35,50,100,70,,
102,Tentacruel,73,1,Water,Poison,Standard,80,70,65,80,120,100,101.0,
103,Geodude,74,1,Rock,Ground,Standard,40,80,100,30,30,20,,
104,Geodude (Alolan Geodude),74,7,Rock,Electric,Standard,40,80,100,30,30,20,,103.0
105,Graveler,75,1,Rock,Ground,Standard,55,95,115,45,45,35,103.0,
106,Graveler (Alolan Graveler),75,7,Rock,Electric,Standard,55,95,115,45,45,35,104.0,105.0
107,Golem,76,1,Rock,Ground,Standard,80,120,130,55,65,45,105.0,
108,Golem (Alolan Golem),76,7,Rock,Electric,Standard,80,120,130,55,65,45,106.0,107.0
109,Ponyta,77,1,Fire,,Standard,50,85,55,65,65,90,,
110,Ponyta (Galarian Ponyta),77,8,Psychic,,Standard,50,85,55,65,65,90,,109.0
111,Rapidash,78,1,Fire,,Standard,65,100,70,80,80,105,109.0,
112,Rapidash (Galarian Rapidash),78,8,Psychic,Fairy,Standard,65,100,70,80,80,105,110.0,111.0
113,Slowpoke,79,1,Water,Psychic,Standard,90,65,65,40,40,15,,
114,Slowpoke (Galarian Slowpoke),79,8,Psychic,,Standard,90,65,65,40,40,15,,113.0
115,Slowbro,80,1,Water,Psychic,Standard,95,75,110,100,80,30,113.0,
116,Slowbro (Mega Slowbro),80,6,Water,Psychic,Mega,95,75,180,130,80,30,115.0,
117,Slowbro (Galarian Slowbro),80,8,Poison,Psychic,Standard,95,100,95,100,70,30,114.0,115.0
118,Magnemite,81,1,Electric,Steel,Standard,25,35,70,95,55,45,,
119,Magneton,82,1,Electric,Steel,Standard,50,60,95,120,70,70,118.0,
120,Farfetch'd,83,1,Normal,Flying,Standard,52,90,55,58,62,60,,
121,Farfetch'd (Galarian Farfetch'd),83,8,Fighting,,Standard,52,95,55,58,62,55,,120.0
122,Doduo,84,1,Normal,Flying,Standard,35,85,45,35,35,75,,
123,Dodrio,85,1,Normal,Flying,Standard,60,110,70,60,60,110,122.0,
124,Seel,86,1,Water,,Standard,65,45,55,45,70,45,,
125,Dewgong,87,1,Water,Ice,Standard,90,70,80,70,95,70,124.0,
126,Grimer,88,1,Poison,,Standard,80,80,50,40,50,25,,
127,Grimer (Alolan Grimer),88,7,Poison,Dark,Standard,80,80,50,40,50,25,,126.0
128,Muk,89,1,Poison,,Standard,105,105,75,65,100,50,126.0,
129,Muk (Alolan Muk),89,7,Poison,Dark,Standard,105,105,75,65,100,50,127.0,128.0
130,Shellder,90,1,Water,,Standard,30,65,100,45,25,40,,
131,Cloyster,91,1,Water,Ice,Standard,50,95,180,85,45,70,130.0,
132,Gastly,92,1,Ghost,Poison,Standard,30,35,30,100,35,80,,
133,Haunter,93,1,Ghost,Poison,Standard,45,50,45,115,55,95,132.0,
134,Gengar,94,1,Ghost,Poison,Standard,60,65,60,130,75,110,133.0,
135,Gengar (Mega Gengar),94,6,Ghost,Poison,Mega,60,65,80,170,95,130,134.0,
136,Gengar (Gigantamax Gengar),94,8,Ghost,Poison,Gigantamax,60,65,60,130,75,110,134.0,
137,Onix,95,1,Rock,Ground,Standard,35,45,160,30,45,70,,
138,Drowzee,96,1,Psychic,,Standard,60,48,45,43,90,42,,
139,Hypno,97,1,Psychic,,Standard,85,73,70,73,115,67,138.0,
140,Krabby,98,1,Water,,Standard,30,105,90,25,25,50,,
141,Kingler,99,1,Water,,Standard,55,130,115,50,50,75,140.0,
142,Kingler (Gigantamax Kingler),99,8,Water,,Gigantamax,55,130,115,50,50,75,141.0,
143,Voltorb,100,1,Electric,,Standard,40,30,50,55,55,100,,
144,Voltorb (Hisuian Voltorb),100,8,Electric,Grass,Standard,40,30,50,55,55,100,,143.0
145,Electrode,101,1,Electric,,Standard,60,50,70,80,80,150,143.0,
146,Electrode (Hisuian Electrode),101,8,Electric,Grass,Standard,60,50,70,80,80,150,144.0,145.0
147,Exeggcute,102,1,Grass,Psychic,Standard,60,40,80,60,45,40,,
148,Exeggutor,103,1,Grass,Psychic,Standard,95,95,85,125,75,55,147.0,
149,Exeggutor (Alolan Exeggutor),103,7,Grass,Dragon,Standard,95,105,85,125,75,45,147.0,148.0
150,Cubone,104,1,Ground,,Standard,50,50,95,40,50,35,,
151,Marowak,105,1,Ground,,Standard,60,80,110,50,80,45,150.0,
152,Marowak (Alolan Marowak),105,7,Fire,Ghost,Standard,60,80,110,50,80,45,150.0,151.0
153,Hitmonlee,106,1,Fighting,,Standard,50,120,53,35,110,87,312.0,
154,Hitmonchan,107,1,Fighting,,Standard,50,105,79,35,110,76,312.0,
155,Lickitung,108,1,Normal,,Standard,90,55,75,60,75,30,,
156,Koffing,109,1,Poison,,Standard,40,65,95,60,45,35,,
157,Weezing,110,1,Poison,,Standard,65,90,120,85,70,60,156.0,
158,Weezing (Galarian Weezing),110,8,Poison,Fairy,Standard,65,90,120,85,70,60,156.0,157.0
159,Rhyhorn,111,1,Ground,Rock,Standard,80,85,95,30,30,25,,
160,Rhydon,112,1,Ground,Rock,Standard,105,130,120,45,45,40,159.0,
161,Chansey,113,1,Normal,,Standard,250,5,5,35,105,50,552.0,
162,Tangela,114,1,Grass,,Standard,65,55,115,100,40,60,,
163,Kangaskhan,115,1,Normal,,Standard,105,95,80,40,80,90,,
164,Kangaskhan (Mega Kangaskhan),115,6,Normal,,Mega,105,125,100,60,100,100,163.0,
165,Horsea,116,1,Water,,Standard,30,40,70,70,25,60,,
166,Seadra,117,1,Water,,Standard,55,65,95,95,45,85,165.0,
167,Goldeen,118,1,Water,,Standard,45,67,60,35,50,63,,
168,Seaking,119,1,Water,,Standard,80,92,65,65,80,68,167.0,
169,Staryu,120,1,Water,,Standard,30,45,55,70,55,85,,
170,Starmie,121,1,Water,Psychic,Standard,60,75,85,100,85,115,169.0,
171,Mr. Mime,122,1,Psychic,Fairy,Standard,40,45,65,100,120,90,551.0,
172,Mr. Mime (Galarian Mr. Mime),122,8,Ice,Psychic,Standard,50,65,65,90,90,100,551.0,171.0
173,Scyther,123,1,Bug,Flying,Standard,70,110,80,55,80,105,,
174,Jynx,124,1,Ice,Psychic,Standard,65,50,35,115,95,95,314.0,
175,Electabuzz,125,1,Electric,,Standard,65,83,57,95,85,105,315.0,
176,Magmar,126,1,Fire,,Standard,65,95,57,100,85,93,316.0,
177,Pinsir,127,1,Bug,,Standard,65,125,100,55,70,85,,
178,Pinsir (Mega Pinsir),127,6,Bug,Flying,Mega,65,155,120,65,90,105,177.0,
179,Tauros,128,1,Normal,,Standard,75,100,95,40,70,110,,
180,Tauros (Combat Breed),128,9,Fighting,,Standard,75,110,105,30,70,100,,179.0
181,Tauros (Blaze Breed),128,9,Fighting,Fire,Standard,75,110,105,30,70,100,,179.0
182,Tauros (Aqua Breed),128,9,Fighting,Water,Standard,75,110,105,30,70,100,,179.0
183,Magikarp,129,1,Water,,Standard,20,10,55,15,20,80,,
184,Gyarados,130,1,Water,Flying,Standard,95,125,79,60,100,81,183.0,
185,Gyarados (Mega Gyarados),130,6,Water,Dark,Mega,95,155,109,70,130,81,184.0,
186,Lapras,131,1,Water,Ice,Standard,130,85,80,85,95,60,,
187,Lapras (Gigantamax Lapras),131,8,Water,Ice,Gigantamax,130,85,80,85,95,60,186.0,
188,Ditto,132,1,Normal,,Standard,48,48,48,48,48,48,,
189,Eevee,133,1,Normal,,Standard,55,55,50,45,65,55,,
190,Eevee (Partner Eevee),133,7,Normal,,Standard,65,75,70,65,85,75,,189.0
191,Eevee (Gigantamax Eevee),133,8,Normal,,Gigantamax,55,55,50,45,65,55,189.0,
192,Vaporeon,134,1,Water,,Standard,130,65,60,110,95,65,189.0,
193,Jolteon,135,1,Electric,,Standard,65,65,60,110,95,130,189.0,
194,Flareon,136,1,Fire,,Standard,65,130,60,95,110,65,189.0,
195,Porygon,137,1,Normal,,Standard,65,60,70,85,75,40,,
196,Omanyte,138,1,Rock,Water,Fossil,35,40,100,90,55,35,,
197,Omastar,139,1,Rock,Water,Fossil,70,60,125,115,70,55,196.0,
198,Kabuto,140,1,Rock,Water,Fossil,30,80,90,55,45,55,,
199,Kabutops,141,1,Rock,Water,Fossil,60,115,105,65,70,80,198.0,
200,Aerodactyl,142,1,Rock,Flying,Fossil,80,105,65,60,75,130,,
201,Aerodactyl (Mega Aerodactyl),142,6,Rock,Flying,Mega,80,135,85,70,95,150,200.0,
202,Snorlax,143,1,Normal,,Standard,160,110,65,65,110,30,559.0,
203,Snorlax (Gigantamax Snorlax),143,8,Normal,,Gigantamax,160,110,65,65,110,30,202.0,
204,Articuno,144,1,Ice,Flying,Legendary,90,85,100,95,125,85,,
205,Articuno (Galarian Articuno),144,8,Psychic,Flying,Legendary,90,85,85,125,100,95,,204.0
206,Zapdos,145,1,Electric,Flying,Legendary,90,90,85,125,90,100,,
207,Zapdos (Galarian Zapdos),145,8,Fighting,Flying,Legendary,90,125,90,85,90,100,,206.0
208,Moltres,146,1,Fire,Flying,Legendary,90,100,90,125,85,90,,
209,Moltres (Galarian Moltres),146,8,Dark,Flying,Legendary,90,85,90,100,125,90,,208.0
210,Dratini,147,1,Dragon,,Standard,41,64,45,50,50,50,,
211,Dragonair,148,1,Dragon,,Standard,61,84,65,70,70,70,210.0,
212,Dragonite,149,1,Dragon,Flying,Standard,91,134,95,100,100,80,211.0,
213,Mewtwo,150,1,Psychic,,Legendary,106,110,90,154,90,130,,
214,Mewtwo (Mega Mewtwo X),150,6,Psychic,Fighting,Mega,106,190,100,154,100,130,213.0,
215,Mewtwo (Mega Mewtwo Y),150,6,Psychic,,Mega,106,150,70,194,120,140,213.0,214.0
216,Mew,151,1,Psychic,,Mythical,100,100,100,100,100,100,,
217,Chikorita,152,2,Grass,,Starter,45,49,65,49,65,45,,
218,Bayleef,153,2,Grass,,Standard,60,62,80,63,80,60,217.0,
219,Meganium,154,2,Grass,,Standard,80,82,100,83,100,80,218.0,
220,Cyndaquil,155,2,Fire,,Starter,39,52,43,60,50,65,,
221,Quilava,156,2,Fire,,Standard,58,64,58,80,65,80,220.0,
222,Typhlosion,157,2,Fire,,Standard,78,84,78,109,85,100,221.0,
223,Typhlosion (Hisuian Typhlosion),157,8,Fire,Ghost,Standard,73,84,78,119,85,95,221.0,222.0
224,Totodile,158,2,Water,,Starter,50,65,64,44,48,43,,
225,Croconaw,159,2,Water,,Standard,65,80,80,59,63,58,224.0,
226,Feraligatr,160,2,Water,,Standard,85,105,100,79,83,78,225.0,
227,Sentret,161,2,Normal,,Standard,35,46,34,35,45,20,,
228,Furret,162,2,Normal,,Standard,85,76,64,45,55,90,227.0,
229,Hoothoot,163,2,Normal,Flying,Standard,60,30,30,36,56,50,,
230,Noctowl,164,2,Normal,Flying,Standard,100,50,50,86,96,70,229.0,
231,Ledyba,165,2,Bug,Flying,Standard,40,20,30,40,80,55,,
232,Ledian,166,2,Bug,Flying,Standard,55,35,50,55,110,85,231.0,
233,Spinarak,167,2,Bug,Poison,Standard,40,60,40,40,40,30,,
234,Ariados,168,2,Bug,Poison,Standard,70,90,70,60,70,40,233.0,
235,Crobat,169,2,Poison,Flying,Standard,85,90,80,70,80,130,61.0,
236,Chinchou,170,2,Water,Electric,Standard,75,38,38,56,56,67,,
237,Lanturn,171,2,Water,Electric,Standard,125,58,58,76,76,67,236.0,
238,Pichu,172,2,Electric,,Baby,20,40,15,35,35,60,,
239,Cleffa,173,2,Fairy,,Baby,50,25,28,45,55,15,,
240,Igglybuff,174,2,Normal,Fairy,Baby,90,30,15,40,20,15,,
241,Togepi,175,2,Fairy,,Baby,35,20,65,40,65,20,,
242,Togetic,176,2,Fairy,Flying,Standard,55,40,85,80,105,40,241.0,
243,Natu,177,2,Psychic,Flying,Standard,40,50,45,70,45,70,,
244,Xatu,178,2,Psychic,Flying,Standard,65,75,70,95,70,95,243.0,
245,Mareep,179,2,Electric,,Standard,55,40,40,65,45,35,,
246,Flaaffy,180,2,Electric,,Standard,70,55,55,80,60,45,245.0,
247,Ampharos,181,2,Electric,,Standard,90,75,85,115,90,55,246.0,
248,Ampharos (Mega Ampharos),181,6,Electric,Dragon,Mega,90,95,105,165,110,45,247.0,
249,Bellossom,182,2,Grass,,Standard,75,80,95,90,100,50,63.0,
250,Marill,183,2,Water,Fairy,Standard,70,20,50,20,50,40,381.0,
251,Azumarill,184,2,Water,Fairy,Standard,100,50,80,60,80,50,250.0,
252,Sudowoodo,185,2,Rock,,Standard,70,100,115,30,65,30,550.0,
253,Politoed,186,2,Water,,Standard,90,75,75,90,100,70,88.0,
254,Hoppip,187,2,Grass,Flying,Standard,35,35,40,35,55,50,,
255,Skiploom,188,2,Grass,Flying,Standard,55,45,50,45,65,80,254.0,
256,Jumpluff,189,2,Grass,Flying,Standard,75,55,70,55,95,110,255.0,
257,Aipom,190,2,Normal,,Standard,55,70,55,40,55,85,,
258,Sunkern,191,2,Grass,,Standard,30,30,30,30,30,30,,
259,Sunflora,192,2,Grass,,Standard,75,75,55,105,85,30,258.0,
260,Yanma,193,2,Bug,Flying,Standard,65,65,45,75,45,95,,
261,Wooper,194,2,Water,Ground,Standard,55,45,45,25,25,15,,
262,Wooper (Paldean Wooper),194,9,Poison,Ground,Standard,55,45,45,25,25,15,,261.0
263,Quagsire,195,2,Water,Ground,Standard,95,85,85,65,65,35,261.0,
264,Espeon,196,2,Psychic,,Standard,65,65,60,130,95,110,189.0,
265,Umbreon,197,2,Dark,,Standard,95,65,110,60,130,65,189.0,
266,Murkrow,198,2,Dark,Flying,Standard,60,85,42,85,42,91,,
267,Slowking,199,2,Water,Psychic,Standard,95,75,80,100,110,30,113.0,
268,Slowking (Galarian Slowking),199,8,Poison,Psychic,Standard,95,65,80,110,110,30,114.0,267.0
269,Misdreavus,200,2,Ghost,,Standard,60,60,60,85,85,85,,
270,Unown,201,2,Psychic,,Standard,48,72,48,72,48,48,,
271,Wobbuffet,202,2,Psychic,,Standard,190,33,58,33,58,33,456.0,
272,Girafarig,203,2,Normal,Psychic,Standard,70,80,65,90,65,85,,
273,Pineco,204,2,Bug,,Standard,50,65,90,35,35,15,,
274,Forretress,205,2,Bug,Steel,Standard,75,90,140,60,60,40,273.0,
275,Dunsparce,206,2,Normal,,Standard,100,70,70,65,65,45,,
276,Gligar,207,2,Ground,Flying,Standard,65,75,105,35,65,85,,
277,Steelix,208,2,Steel,Ground,Standard,75,85,200,55,65,30,137.0,
278,Steelix (Mega Steelix),208,6,Steel,Ground,Mega,75,125,230,55,95,30,277.0,
279,Snubbull,209,2,Fairy,,Standard,60,80,50,40,40,30,,
280,Granbull,210,2,Fairy,,Standard,90,120,75,60,60,45,279.0,
281,Qwilfish,211,2,Water,Poison,Standard,65,95,85,55,55,85,,
282,Qwilfish (Hisuian Qwilfish),211,8,Dark,Poison,Standard,65,95,85,55,55,85,,281.0
283,Scizor,212,2,Bug,Steel,Standard,70,130,100,55,80,65,173.0,
284,Scizor (Mega Scizor),212,6,Bug,Steel,Mega,70,150,140,65,100,75,283.0,
285,Shuckle,213,2,Bug,Rock,Standard,20,10,230,10,230,5,,
286,Heracross,214,2,Bug,Fighting,Standard,80,125,75,40,95,85,,
287,Heracross (Mega Heracross),214,6,Bug,Fighting,Mega,80,185,115,40,105,75,286.0,
288,Sneasel,215,2,Dark,Ice,Standard,55,95,55,35,75,115,,
289,Sneasel (Hisuian Sneasel),215,8,Fighting,Poison,Standard,55,95,55,35,75,115,,288.0
290,Teddiursa,216,2,Normal,,Standard,60,80,50,50,50,40,,
291,Ursaring,217,2,Normal,,Standard,90,130,75,75,75,55,290.0,
292,Slugma,218,2,Fire,,Standard,40,40,40,70,40,20,,
293,Magcargo,219,2,Fire,Rock,Standard,60,50,120,90,80,30,292.0,
294,Swinub,220,2,Ice,Ground,Standard,50,50,40,30,30,50,,
295,Piloswine,221,2,Ice,Ground,Standard,100,100,80,60,60,50,294.0,
296,Corsola,222,2,Water,Rock,Standard,65,55,95,65,95,35,,
297,Corsola (Galarian Corsola),222,8,Ghost,,Standard,60,55,100,65,100,30,,296.0
298,Remoraid,223,2,Water,,Standard,35,65,35,65,35,65,,
299,Octillery,224,2,Water,,Standard,75,105,75,105,75,45,298.0,
300,Delibird,225,2,Ice,Flying,Standard,45,55,45,65,45,75,,
301,Mantine,226,2,Water,Flying,Standard,85,40,70,80,140,70,572.0,
302,Skarmory,227,2,Steel,Flying,Standard,65,80,140,40,70,70,,
303,Houndour,228,2,Dark,Fire,Standard,45,60,30,80,50,65,,
304,Houndoom,229,2,Dark,Fire,Standard,75,90,50,110,80,95,303.0,
305,Houndoom (Mega Houndoom),229,6,Dark,Fire,Mega,75,90,90,140,90,115,304.0,
306,Kingdra,230,2,Water,Dragon,Standard,75,95,95,95,95,85,166.0,
307,Phanpy,231,2,Ground,,Standard,90,60,60,40,40,40,,
308,Donphan,232,2,Ground,,Standard,90,120,120,60,60,50,307.0,
309,Porygon2,233,2,Normal,,Standard,85,80,90,105,95,60,195.0,
310,Stantler,234,2,Normal,,Standard,73,95,62,85,65,85,,
311,Smeargle,235,2,Normal,,Standard,55,20,35,20,45,75,,
312,Tyrogue,236,2,Fighting,,Baby,35,35,35,35,35,35,,
313,Hitmontop,237,2,Fighting,,Standard,50,95,95,35,110,70,312.0,
314,Smoochum,238,2,Ice,Psychic,Baby,45,30,15,85,65,65,,
315,Elekid,239,2,Electric,,Baby,45,63,37,65,55,95,,
316,Magby,240,2,Fire,,Baby,45,75,37,70,55,83,,
317,Miltank,241,2,Normal,,Standard,95,80,105,40,70,100,,
318,Blissey,242,2,Normal,,Standard,255,10,10,75,135,55,161.0,
319,Raikou,243,2,Electric,,Legendary,90,85,75,115,100,115,,
320,Entei,244,2,Fire,,Legendary,115,115,85,90,75,100,,
321,Suicune,245,2,Water,,Legendary,100,75,115,90,115,85,,
322,Larvitar,246,2,Rock,Ground,Standard,50,64,50,45,50,41,,
323,Pupitar,247,2,Rock,Ground,Standard,70,84,70,65,70,51,322.0,
324,Tyranitar,248,2,Rock,Dark,Standard,100,134,110,95,100,61,323.0,
325,Tyranitar (Mega Tyranitar),248,6,Rock,Dark,Mega,100,164,150,95,120,71,324.0,
326,Lugia,249,2,Psychic,Flying,Legendary,106,90,130,90,154,110,,
327,Ho-oh,250,2,Fire,Flying,Legendary,106,130,90,110,154,90,,
328,Celebi,251,2,Psychic,Grass,Mythical,100,100,100,100,100,100,,
329,Treecko,252,3,Grass,,Starter,40,45,35,65,55,70,,
330,Grovyle,253,3,Grass,,Standard,50,65,45,85,65,95,329.0,
331,Sceptile,254,3,Grass,,Standard,70,85,65,105,85,120,330.0,
332,Sceptile (Mega Sceptile),254,6,Grass,Dragon,Mega,70,110,75,145,85,145,331.0,
333,Torchic,255,3,Fire,,Starter,45,60,40,70,50,45,,
334,Combusken,256,3,Fire,Fighting,Standard,60,85,60,85,60,55,333.0,
335,Blaziken,257,3,Fire,Fighting,Standard,80,120,70,110,70,80,334.0,
336,Blaziken (Mega Blaziken),257,6,Fire,Fighting,Mega,80,160,80,130,80,100,335.0,
337,Mudkip,258,3,Water,,Starter,50,70,50,50,50,40,,
338,Marshtomp,259,3,Water,Ground,Standard,70,85,70,60,70,50,337.0,
339,Swampert,260,3,Water,Ground,Standard,100,110,90,85,90,60,338.0,
340,Swampert (Mega Swampert),260,6,Water,Ground,Mega,100,150,110,95,110,70,339.0,
341,Poochyena,261,3,Dark,,Standard,35,55,35,30,30,35,,
342,Mightyena,262,3,Dark,,Standard,70,90,70,60,60,70,341.0,
343,Zigzagoon,263,3,Normal,,Standard,38,30,41,30,41,60,,
344,Zigzagoon (Galarian Zigzagoon),263,8,Dark,Normal,Standard,38,30,41,30,41,60,,343.0
345,Linoone,264,3,Normal,,Standard,78,70,61,50,61,100,343.0,
346,Linoone (Galarian Linoone),264,8,Dark,Normal,Standard,78,70,61,50,61,100,344.0,345.0
347,Wurmple,265,3,Bug,,Standard,45,45,35,20,30,20,,
348,Silcoon,266,3,Bug,,Standard,50,35,55,25,25,15,347.0,
349,Beautifly,267,3,Bug,Flying,Standard,60,70,50,100,50,65,348.0,
350,Cascoon,268,3,Bug,,Standard,50,35,55,25,25,15,347.0,
351,Dustox,269,3,Bug,Poison,Standard,60,50,70,50,90,65,350.0,
352,Lotad,270,3,Water,Grass,Standard,40,30,30,40,50,30,,
353,Lombre,271,3,Water,Grass,Standard,60,50,50,60,70,50,352.0,
354,Ludicolo,272,3,Water,Grass,Standard,80,70,70,90,100,70,353.0,
355,Seedot,273,3,Grass,,Standard,40,40,50,30,30,30,,
356,Nuzleaf,274,3,Grass,Dark,Standard,70,70,40,60,40,60,355.0,
357,Shiftry,275,3,Grass,Dark,Standard,90,100,60,90,60,80,356.0,
358,Taillow,276,3,Normal,Flying,Standard,40,55,30,30,30,85,,
359,Swellow,277,3,Normal,Flying,Standard,60,85,60,75,50,125,358.0,
360,Wingull,278,3,Water,Flying,Standard,40,30,30,55,30,85,,
361,Pelipper,279,3,Water,Flying,Standard,60,50,100,95,70,65,360.0,
362,Ralts,280,3,Psychic,Fairy,Standard,28,25,25,45,35,40,,
363,Kirlia,281,3,Psychic,Fairy,Standard,38,35,35,65,55,50,362.0,
364,Gardevoir,282,3,Psychic,Fairy,Standard,68,65,65,125,115,80,363.0,
365,Gardevoir (Mega Gardevoir),282,6,Psychic,Fairy,Mega,68,85,65,165,135,100,364.0,
366,Surskit,283,3,Bug,Water,Standard,40,30,32,50,52,65,,
367,Masquerain,284,3,Bug,Flying,Standard,70,60,62,100,82,80,366.0,
368,Shroomish,285,3,Grass,,Standard,60,40,60,40,60,35,,
369,Breloom,286,3,Grass,Fighting,Standard,60,130,80,60,60,70,368.0,
370,Slakoth,287,3,Normal,,Standard,60,60,60,35,35,30,,
371,Vigoroth,288,3,Normal,,Standard,80,80,80,55,55,90,370.0,
372,Slaking,289,3,Normal,,Standard,150,160,100,95,65,100,371.0,
373,Nincada,290,3,Bug,Ground,Standard,31,45,90,30,30,40,,
374,Ninjask,291,3,Bug,Flying,Standard,61,90,45,50,50,160,373.0,
375,Shedinja,292,3,Bug,Ghost,Standard,1,90,45,30,30,40,373.0,
376,Whismur,293,3,Normal,,Standard,64,51,23,51,23,28,,
377,Loudred,294,3,Normal,,Standard,84,71,43,71,43,48,376.0,
378,Exploud,295,3,Normal,,Standard,104,91,63,91,73,68,377.0,
379,Makuhita,296,3,Fighting,,Standard,72,60,30,20,30,25,,
380,Hariyama,297,3,Fighting,,Standard,144,120,60,40,60,50,379.0,
381,Azurill,298,3,Normal,Fairy,Baby,50,20,40,20,40,20,,
382,Nosepass,299,3,Rock,,Standard,30,45,135,45,90,30,,
383,Skitty,300,3,Normal,,Standard,50,45,45,35,35,50,,
384,Delcatty,301,3,Normal,,Standard,70,65,65,55,55,90,383.0,
385,Sableye,302,3,Dark,Ghost,Standard,50,75,75,65,65,50,,
386,Sableye (Mega Sableye),302,6,Dark,Ghost,Mega,50,85,125,85,115,20,385.0,
387,Mawile,303,3,Steel,Fairy,Standard,50,85,85,55,55,50,,
388,Mawile (Mega Mawile),303,6,Steel,Fairy,Mega,50,105,125,55,95,50,387.0,
389,Aron,304,3,Steel,Rock,Standard,50,70,100,40,40,30,,
390,Lairon,305,3,Steel,Rock,Standard,60,90,140,50,50,40,389.0,
391,Aggron,306,3,Steel,Rock,Standard,70,110,180,60,60,50,390.0,
392,Aggron (Mega Aggron),306,6,Steel,,Mega,70,140,230,60,80,50,391.0,
393,Meditite,307,3,Fighting,Psychic,Standard,30,40,55,40,55,60,,
394,Medicham,308,3,Fighting,Psychic,Standard,60,60,75,60,75,80,393.0,
395,Medicham (Mega Medicham),308,6,Fighting,Psychic,Mega,60,100,85,80,85,100,394.0,
396,Electrike,309,3,Electric,,Standard,40,45,40,65,40,65,,
397,Manectric,310,3,Electric,,Standard,70,75,60,105,60,105,396.0,
398,Manectric (Mega Manectric),310,6,Electric,,Mega,70,75,80,135,80,135,397.0,
399,Plusle,311,3,Electric,,Standard,60,50,40,85,75,95,,
400,Minun,312,3,Electric,,Standard,60,40,50,75,85,95,,
401,Volbeat,313,3,Bug,,Standard,65,73,75,47,85,85,,
402,Illumise,314,3,Bug,,Standard,65,47,75,73,85,85,,
403,Roselia,315,3,Grass,Poison,Standard,50,60,45,100,80,65,513.0,
404,Gulpin,316,3,Poison,,Standard,70,43,53,43,53,40,,
405,Swalot,317,3,Poison,,Standard,100,73,83,73,83,55,404.0,
406,Carvanha,318,3,Water,Dark,Standard,45,90,20,65,20,65,,
407,Sharpedo,319,3,Water,Dark,Standard,70,120,40,95,40,95,406.0,
408,Sharpedo (Mega Sharpedo),319,6,Water,Dark,Mega,70,140,70,110,65,105,407.0,
409,Wailmer,320,3,Water,,Standard,130,70,35,70,35,60,,
410,Wailord,321,3,Water,,Standard,170,90,45,90,45,60,409.0,
411,Numel,322,3,Fire,Ground,Standard,60,60,40,65,45,35,,
412,Camerupt,323,3,Fire,Ground,Standard,70,100,70,105,75,40,411.0,
413,Camerupt (Mega Camerupt),323,6,Fire,Ground,Mega,70,120,100,145,105,20,412.0,
414,Torkoal,324,3,Fire,,Standard,70,85,140,85,70,20,,
415,Spoink,325,3,Psychic,,Standard,60,25,35,70,80,60,,
416,Grumpig,326,3,Psychic,,Standard,80,45,65,90,110,80,415.0,
417,Spinda,327,3,Normal,,Standard,60,60,60,60,60,60,,
418,Trapinch,328,3,Ground,,Standard,45,100,45,45,45,10,,
419,Vibrava,329,3,Ground,Dragon,Standard,50,70,50,50,50,70,418.0,
420,Flygon,330,3,Ground,Dragon,Standard,80,100,80,80,80,100,419.0,
421,Cacnea,331,3,Grass,,Standard,50,85,40,85,40,35,,
422,Cacturne,332,3,Grass,Dark,Standard,70,115,60,115,60,55,421.0,
423,Swablu,333,3,Normal,Flying,Standard,45,40,60,40,75,50,,
424,Altaria,334,3,Dragon,Flying,Standard,75,70,90,70,105,80,423.0,
425,Altaria (Mega Altaria),334,6,Dragon,Fairy,Mega,75,110,110,110,105,80,424.0,
426,Zangoose,335,3,Normal,,Standard,73,115,60,60,60,90,,
427,Seviper,336,3,Poison,,Standard,73,100,60,100,60,65,,
428,Lunatone,337,3,Rock,Psychic,Standard,90,55,65,95,85,70,,
429,Solrock,338,3,Rock,Psychic,Standard,90,95,85,55,65,70,,
430,Barboach,339,3,Water,Ground,Standard,50,48,43,46,41,60,,
431,Whiscash,340,3,Water,Ground,Standard,110,78,73,76,71,60,430.0,
432,Corphish,341,3,Water,,Standard,43,80,65,50,35,35,,
433,Crawdaunt,342,3,Water,Dark,Standard,63,120,85,90,55,55,432.0,
434,Baltoy,343,3,Ground,Psychic,Standard,40,40,55,40,70,55,,
435,Claydol,344,3,Ground,Psychic,Standard,60,70,105,70,120,75,434.0,
436,Lileep,345,3,Rock,Grass,Fossil,66,41,77,61,87,23,,
437,Cradily,346,3,Rock,Grass,Fossil,86,81,97,81,107,43,436.0,
438,Anorith,347,3,Rock,Bug,Fossil,45,95,50,40,50,75,,
439,Armaldo,348,3,Rock,Bug,Fossil,75,125,100,70,80,45,438.0,
440,Feebas,349,3,Water,,Standard,20,15,20,10,55,80,,
441,Milotic,350,3,Water,,Standard,95,60,79,100,125,81,440.0,
442,Castform,351,3,Normal,,Standard,70,70,70,70,70,70,,
443,Castform (Sunny Form),351,3,Fire,,Standard,70,70,70,70,70,70,,442.0
444,Castform (Rainy Form),351,3,Water,,Standard,70,70,70,70,70,70,,442.0
445,Castform (Snowy Form),351,3,Ice,,Standard,70,70,70,70,70,70,,442.0
446,Kecleon,352,3,Normal,,Standard,60,90,70,60,120,40,,
447,Shuppet,353,3,Ghost,,Standard,44,75,35,63,33,45,,
448,Banette,354,3,Ghost,,Standard,64,115,65,83,63,65,447.0,
449,Banette (Mega Banette),354,6,Ghost,,Mega,64,165,75,93,83,75,448.0,
450,Duskull,355,3,Ghost,,Standard,20,40,90,30,90,25,,
451,Dusclops,356,3,Ghost,,Standard,40,70,130,60,130,25,450.0,
452,Tropius,357,3,Grass,Flying,Standard,99,68,83,72,87,51,,
453,Chimecho,358,3,Psychic,,Standard,75,50,80,95,90,65,545.0,
454,Absol,359,3,Dark,,Standard,65,130,60,75,60,75,,
455,Absol (Mega Absol),359,6,Dark,,Mega,65,150,60,115,60,115,454.0,
456,Wynaut,360,3,Psychic,,Baby,95,23,48,23,48,23,,
457,Snorunt,361,3,Ice,,Standard,50,50,50,50,50,50,,
458,Glalie,362,3,Ice,,Standard,80,80,80,80,80,80,457.0,
459,Glalie (Mega Glalie),362,6,Ice,,Mega,80,120,80,120,80,100,458.0,
460,Spheal,363,3,Ice,Water,Standard,70,40,50,55,50,25,,
461,Sealeo,364,3,Ice,Water,Standard,90,60,70,75,70,45,460.0,
462,Walrein,365,3,Ice,Water,Standard,110,80,90,95,90,65,461.0,
463,Clamperl,366,3,Water,,Standard,35,64,85,74,55,32,,
464,Huntail,367,3,Water,,Standard,55,104,105,94,75,52,463.0,
465,Gorebyss,368,3,Water,,Standard,55,84,105,114,75,52,463.0,
466,Relicanth,369,3,Water,Rock,Standard,100,90,130,45,65,55,,
467,Luvdisc,370,3,Water,,Standard,43,30,55,40,65,97,,
468,Bagon,371,3,Dragon,,Standard,45,75,60,40,30,50,,
469,Shelgon,372,3,Dragon,,Standard,65,95,100,60,50,50,468.0,
470,Salamence,373,3,Dragon,Flying,Standard,95,135,80,110,80,100,469.0,
471,Salamence (Mega Salamence),373,6,Dragon,Flying,Mega,95,145,130,120,90,120,470.0,
472,Beldum,374,3,Steel,Psychic,Standard,40,55,80,35,60,30,,
473,Metang,375,3,Steel,Psychic,Standard,60,75,100,55,80,50,472.0,
474,Metagross,376,3,Steel,Psychic,Standard,80,135,130,95,90,70,473.0,
475,Metagross (Mega Metagross),376,6,Steel,Psychic,Mega,80,145,150,105,110,110,474.0,
476,Regirock,377,3,Rock,,Legendary,80,100,200,50,100,50,,
477,Regice,378,3,Ice,,Legendary,80,50,100,100,200,50,,
478,Registeel,379,3,Steel,,Legendary,80,75,150,75,150,50,,
479,Latias,380,3,Dragon,Psychic,Legendary,80,80,90,110,130,110,,
480,Latias (Mega Latias),380,6,Dragon,Psychic,Mega,80,100,120,140,150,110,479.0,
481,Latios,381,3,Dragon,Psychic,Legendary,80,90,80,130,110,110,,
482,Latios (Mega Latios),381,6,Dragon,Psychic,Mega,80,130,100,160,120,110,481.0,
483,Kyogre,382,3,Water,,Legendary,100,100,90,150,140,90,,
484,Kyogre (Primal Kyogre),382,6,Water,,Mega,100,150,90,180,160,90,483.0,
485,Groudon,383,3,Ground,,Legendary,100,150,140,100,90,90,,
486,Groudon (Primal Groudon),383,6,Ground,Fire,Mega,100,180,160,150,90,90,485.0,
487,Rayquaza,384,3,Dragon,Flying,Legendary,105,150,90,150,90,95,,
488,Rayquaza (Mega Rayquaza),384,6,Dragon,Flying,Mega,105,180,100,180,100,115,487.0,
489,Jirachi,385,3,Steel,Psychic,Mythical,100,100,100,100,100,100,,
490,Deoxys (Normal Forme),386,3,Psychic,,Mythical,50,150,50,150,50,150,,
491,Deoxys (Attack Forme),386,3,Psychic,,Mythical,50,180,20,180,20,150,,490.0
492,Deoxys (Defense Forme),386,3,Psychic,,Mythical,50,70,160,70,160,90,,490.0
493,Deoxys (Speed Forme),386,3,Psychic,,Mythical,50,95,90,95,90,180,,490.0
494,Turtwig,387,4,Grass,,Starter,55,68,64,45,55,31,,
495,Grotle,388,4,Grass,,Standard,75,89,85,55,65,36,494.0,
496,Torterra,389,4,Grass,Ground,Standard,95,109,105,75,85,56,495.0,
497,Chimchar,390,4,Fire,,Starter,44,58,44,58,44,61,,
498,Monferno,391,4,Fire,Fighting,Standard,64,78,52,78,52,81,497.0,
499,Infernape,392,4,Fire,Fighting,Standard,76,104,71,104,71,108,498.0,
500,Piplup,393,4,Water,,Starter,53,51,53,61,56,40,,
501,Prinplup,394,4,Water,,Standard,64,66,68,81,76,50,500.0,
502,Empoleon,395,4,Water,Steel,Standard,84,86,88,111,101,60,501.0,
503,Starly,396,4,Normal,Flying,Standard,40,55,30,30,30,60,,
504,Staravia,397,4,Normal,Flying,Standard,55,75,50,40,40,80,503.0,
505,Staraptor,398,4,Normal,Flying,Standard,85,120,70,50,60,100,504.0,
506,Bidoof,399,4,Normal,,Standard,59,45,40,35,40,31,,
507,Bibarel,400,4,Normal,Water,Standard,79,85,60,55,60,71,506.0,
508,Kricketot,401,4,Bug,,Standard,37,25,41,25,41,25,,
509,Kricketune,402,4,Bug,,Standard,77,85,51,55,51,65,508.0,
510,Shinx,403,4,Electric,,Standard,45,65,34,40,34,45,,
511,Luxio,404,4,Electric,,Standard,60,85,49,60,49,60,510.0,
512,Luxray,405,4,Electric,,Standard,80,120,79,95,79,70,511.0,
513,Budew,406,4,Grass,Poison,Baby,40,30,35,50,70,55,,
514,Roserade,407,4,Grass,Poison,Standard,60,70,65,125,105,90,403.0,
515,Cranidos,408,4,Rock,,Fossil,67,125,40,30,30,58,,
516,Rampardos,409,4,Rock,,Fossil,97,165,60,65,50,58,515.0,
517,Shieldon,410,4,Rock,Steel,Fossil,30,42,118,42,88,30,,
518,Bastiodon,411,4,Rock,Steel,Fossil,60,52,168,47,138,30,517.0,
519,Burmy (Plant Cloak),412,4,Bug,,Standard,40,29,45,29,45,36,,
520,Burmy (Sandy Cloak),412,4,Bug,,Standard,40,29,45,29,45,36,,519.0
521,Burmy (Trash Cloak),412,4,Bug,,Standard,40,29,45,29,45,36,,519.0
522,Wormadam (Plant Cloak),413,4,Bug,Grass,Standard,60,59,85,79,105,36,519.0,
523,Wormadam (Sandy Cloak),413,4,Bug,Ground,Standard,60,79,105,59,85,36,520.0,522.0
524,Wormadam (Trash Cloak),413,4,Bug,Steel,Standard,60,69,95,69,95,36,521.0,522.0
525,Mothim,414,4,Bug,Flying,Standard,70,94,50,94,50,66,519.0,
526,Combee,415,4,Bug,Flying,Standard,30,30,42,30,42,70,,
527,Vespiquen,416,4,Bug,Flying,Standard,70,80,102,80,102,40,526.0,
528,Pachirisu,417,4,Electric,,Standard,60,45,70,45,90,95,,
529,Buizel,418,4,Water,,Standard,55,65,35,60,30,85,,
530,Floatzel,419,4,Water,,Standard,85,105,55,85,50,115,529.0,
531,Cherubi,420,4,Grass,,Standard,45,35,45,62,53,35,,
532,Cherrim,421,4,Grass,,Standard,70,60,70,87,78,85,531.0,
533,Shellos,422,4,Water,,Standard,76,48,48,57,62,34,,
534,Gastrodon,423,4,Water,Ground,Standard,111,83,68,92,82,39,533.0,
535,Ambipom,424,4,Normal,,Standard,75,100,66,60,66,115,257.0,
536,Drifloon,425,4,Ghost,Flying,Standard,90,50,34,60,44,70,,
537,Drifblim,426,4,Ghost,Flying,Standard,150,80,44,90,54,80,536.0,
538,Buneary,427,4,Normal,,Standard,55,66,44,44,56,85,,
539,Lopunny,428,4,Normal,,Standard,65,76,84,54,96,105,538.0,
540,Lopunny (Mega Lopunny),428,6,Normal,Fighting,Mega,65,136,94,54,96,135,539.0,
541,Mismagius,429,4,Ghost,,Standard,60,60,60,105,105,105,269.0,
542,Honchkrow,430,4,Dark,Flying,Standard,100,125,52,105,52,71,266.0,
543,Glameow,431,4,Normal,,Standard,49,55,42,42,37,85,,
544,Purugly,432,4,Normal,,Standard,71,82,64,64,59,112,543.0,
545,Chingling,433,4,Psychic,,Baby,45,30,50,65,50,45,,
546,Stunky,434,4,Poison,Dark,Standard,63,63,47,41,41,74,,
547,Skuntank,435,4,Poison,Dark,Standard,103,93,67,71,61,84,546.0,
548,Bronzor,436,4,Steel,Psychic,Standard,57,24,86,24,86,23,,
549,Bronzong,437,4,Steel,Psychic,Standard,67,89,116,79,116,33,548.0,
550,Bonsly,438,4,Rock,,Baby,50,80,95,10,45,10,,
551,Mime Jr.,439,4,Psychic,Fairy,Baby,20,25,45,70,90,60,,
552,Happiny,440,4,Normal,,Baby,100,5,5,15,65,30,,
553,Chatot,441,4,Normal,Flying,Standard,76,65,45,92,42,91,,
554,Spiritomb,442,4,Ghost,Dark,Standard,50,92,108,92,108,35,,
555,Gible,443,4,Dragon,Ground,Standard,58,70,45,40,45,42,,
556,Gabite,444,4,Dragon,Ground,Standard,68,90,65,50,55,82,555.0,
557,Garchomp,445,4,Dragon,Ground,Standard,108,130,95,80,85,102,556.0,
558,Garchomp (Mega Garchomp),445,6,Dragon,Ground,Mega,108,170,115,120,95,92,557.0,
559,Munchlax,446,4,Normal,,Baby,135,85,40,40,85,5,,
560,Riolu,447,4,Fighting,,Baby,40,70,40,35,40,60,,
561,Lucario,448,4,Fighting,Steel,Standard,70,110,70,115,70,90,560.0,
562,Lucario (Mega Lucario),448,6,Fighting,Steel,Mega,70,145,88,140,70,112,561.0,
563,Hippopotas,449,4,Ground,,Standard,68,72,78,38,42,32,,
564,Hippowdon,450,4,Ground,,Standard,108,112,118,68,72,47,563.0,
565,Skorupi,451,4,Poison,Bug,Standard,40,50,90,30,55,65,,
566,Drapion,452,4,Poison,Dark,Standard,70,90,110,60,75,95,565.0,
567,Croagunk,453,4,Poison,Fighting,Standard,48,61,40,61,40,50,,
568,Toxicroak,454,4,Poison,Fighting,Standard,83,106,65,86,65,85,567.0,
569,Carnivine,455,4,Grass,,Standard,74,100,72,90,72,46,,
570,Finneon,456,4,Water,,Standard,49,49,56,49,61,66,,
571,Lumineon,457,4,Water,,Standard,69,69,76,69,86,91,570.0,
572,Mantyke,458,4,Water,Flying,Baby,45,20,50,60,120,50,,
573,Snover,459,4,Grass,Ice,Standard,60,62,50,62,60,40,,
574,Abomasnow,460,4,Grass,Ice,Standard,90,92,75,92,85,60,573.0,
575,Abomasnow (Mega Abomasnow),460,6,Grass,Ice,Mega,90,132,105,132,105,30,574.0,
576,Weavile,461,4,Dark,Ice,Standard,70,120,65,45,85,125,288.0,
577,Magnezone,462,4,Electric,Steel,Standard,70,70,115,130,90,60,119.0,
578,Lickilicky,463,4,Normal,,Standard,110,85,95,80,95,50,155.0,
579,Rhyperior,464,4,Ground,Rock,Standard,115,140,130,55,55,40,160.0,
580,Tangrowth,465,4,Grass,,Standard,100,100,125,110,50,50,162.0,
581,Electivire,466,4,Electric,,Standard,75,123,67,95,85,95,175.0,
582,Magmortar,467,4,Fire,,Standard,75,95,67,125,95,83,176.0,
583,Togekiss,468,4,Fairy,Flying,Standard,85,50,95,120,115,80,242.0,
584,Yanmega,469,4,Bug,Flying,Standard,86,76,86,116,56,95,260.0,
585,Leafeon,470,4,Grass,,Standard,65,110,130,60,65,95,189.0,
586,Glaceon,471,4,Ice,,Standard,65,60,110,130,95,65,189.0,
587,Gliscor,472,4,Ground,Flying,Standard,75,95,125,45,75,95,276.0,
588,Mamoswine,473,4,Ice,Ground,Standard,110,130,80,70,60,80,295.0,
589,Porygon-Z,474,4,Normal,,Standard,85,80,70,135,75,90,309.0,
590,Gallade,475,4,Psychic,Fighting,Standard,68,125,65,65,115,80,363.0,
591,Gallade (Mega Gallade),475,6,Psychic,Fighting,Mega,68,165,95,65,115,110,590.0,
592,Probopass,476,4,Rock,Steel,Standard,60,55,145,75,150,40,382.0,
593,Dusknoir,477,4,Ghost,,Standard,45,100,135,65,135,45,451.0,
594,Froslass,478,4,Ice,Ghost,Standard,70,80,70,80,70,110,457.0,
595,Rotom,479,4,Electric,Ghost,Standard,50,50,77,95,77,91,,
596,Rotom (Heat Rotom),479,4,Electric,Fire,Standard,50,65,107,105,107,86,,595.0
597,Rotom (Wash Rotom),479,4,Electric,Water,Standard,50,65,107,105,107,86,,595.0
598,Rotom (Frost Rotom),479,4,Electric,Ice,Standard,50,65,107,105,107,86,,595.0
599,Rotom (Fan Rotom),479,4,Electric,Flying,Standard,50,65,107,105,107,86,,595.0
600,Rotom (Mow Rotom),479,4,Electric,Grass,Standard,50,65,107,105,107,86,,595.0
601,Uxie,480,4,Psychic,,Legendary,75,75,130,75,130,95,,
602,Mesprit,481,4,Psychic,,Legendary,80,105,105,105,105,80,,
603,Azelf,482,4,Psychic,,Legendary,75,125,70,125,70,115,,
604,Dialga,483,4,Steel,Dragon,Legendary,100,120,120,150,100,90,,
605,Dialga (Origin Forme),483,8,Steel,Dragon,Legendary,100,100,120,150,120,90,,604.0
606,Palkia,484,4,Water,Dragon,Legendary,90,120,100,150,120,100,,
607,Palkia (Origin Forme),484,8,Water,Dragon,Legendary,90,100,100,150,120,120,,606.0
608,Heatran,485,4,Fire,Steel,Legendary,91,90,106,130,106,77,,
609,Regigigas,486,4,Normal,,Legendary,110,160,110,80,110,100,,
610,Giratina (Altered Forme),487,4,Ghost,Dragon,Legendary,150,100,120,100,120,90,,
611,Giratina (Origin Forme),487,4,Ghost,Dragon,Legendary,150,120,100,120,100,90,,610.0
612,Cresselia,488,4,Psychic,,Legendary,120,70,110,75,120,85,,
613,Phione,489,4,Water,,Mythical,80,80,80,80,80,80,,
614,Manaphy,490,4,Water,,Mythical,100,100,100,100,100,100,,
615,Darkrai,491,4,Dark,,Mythical,70,90,90,135,90,125,,
616,Shaymin (Land Forme),492,4,Grass,,Mythical,100,100,100,100,100,100,,
617,Shaymin (Sky Forme),492,4,Grass,Flying,Mythical,100,103,75,120,75,127,,616.0
618,Arceus,493,4,Normal,,Mythical,120,120,120,120,120,120,,
619,Victini,494,5,Psychic,Fire,Mythical,100,100,100,100,100,100,,
620,Snivy,495,5,Grass,,Starter,45,45,55,45,55,63,,
621,Servine,496,5,Grass,,Standard,60,60,75,60,75,83,620.0,
622,Serperior,497,5,Grass,,Standard,75,75,95,75,95,113,621.0,
623,Tepig,498,5,Fire,,Starter,65,63,45,45,45,45,,
624,Pignite,499,5,Fire,Fighting,Standard,90,93,55,70,55,55,623.0,
625,Emboar,500,5,Fire,Fighting,Standard,110,123,65,100,65,65,624.0,
626,Oshawott,501,5,Water,,Starter,55,55,45,63,45,45,,
627,Dewott,502,5,Water,,Standard,75,75,60,83,60,60,626.0,
628,Samurott,503,5,Water,,Standard,95,100,85,108,70,70,627.0,
629,Samurott (Hisuian Samurott),503,8,Water,Dark,Standard,90,108,80,100,65,85,627.0,628.0
630,Patrat,504,5,Normal,,Standard,45,55,39,35,39,42,,
631,Watchog,505,5,Normal,,Standard,60,85,69,60,69,77,630.0,
632,Lillipup,506,5,Normal,,Standard,45,60,45,25,45,55,,
633,Herdier,507,5,Normal,,Standard,65,80,65,35,65,60,632.0,
634,Stoutland,508,5,Normal,,Standard,85,110,90,45,90,80,633.0,
635,Purrloin,509,5,Dark,,Standard,41,50,37,50,37,66,,
636,Liepard,510,5,Dark,,Standard,64,88,50,88,50,106,635.0,
637,Pansage,511,5,Grass,,Standard,50,53,48,53,48,64,,
638,Simisage,512,5,Grass,,Standard,75,98,63,98,63,101,637.0,
639,Pansear,513,5,Fire,,Standard,50,53,48,53,48,64,,
640,Simisear,514,5,Fire,,Standard,75,98,63,98,63,101,639.0,
641,Panpour,515,5,Water,,Standard,50,53,48,53,48,64,,
642,Simipour,516,5,Water,,Standard,75,98,63,98,63,101,641.0,
643,Munna,517,5,Psychic,,Standard,76,25,45,67,55,24,,
644,Musharna,518,5,Psychic,,Standard,116,55,85,107,95,29,643.0,
645,Pidove,519,5,Normal,Flying,Standard,50,55,50,36,30,43,,
646,Tranquill,520,5,Normal,Flying,Standard,62,77,62,50,42,65,645.0,
647,Unfezant,521,5,Normal,Flying,Standard,80,115,80,65,55,93,646.0,
648,Blitzle,522,5,Electric,,Standard,45,60,32,50,32,76,,
649,Zebstrika,523,5,Electric,,Standard,75,100,63,80,63,116,648.0,
650,Roggenrola,524,5,Rock,,Standard,55,75,85,25,25,15,,
651,Boldore,525,5,Rock,,Standard,70,105,105,50,40,20,650.0,
652,Gigalith,526,5,Rock,,Standard,85,135,130,60,80,25,651.0,
653,Woobat,527,5,Psychic,Flying,Standard,65,45,43,55,43,72,,
654,Swoobat,528,5,Psychic,Flying,Standard,67,57,55,77,55,114,653.0,
655,Drilbur,529,5,Ground,,Standard,60,85,40,30,45,68,,
656,Excadrill,530,5,Ground,Steel,Standard,110,135,60,50,65,88,655.0,
657,Audino,531,5,Normal,,Standard,103,60,86,60,86,50,,
658,Audino (Mega Audino),531,6,Normal,Fairy,Mega,103,60,126,80,126,50,657.0,
659,Timburr,532,5,Fighting,,Standard,75,80,55,25,35,35,,
660,Gurdurr,533,5,Fighting,,Standard,85,105,85,40,50,40,659.0,
661,Conkeldurr,534,5,Fighting,,Standard,105,140,95,55,65,45,660.0,
662,Tympole,535,5,Water,,Standard,50,50,40,50,40,64,,
663,Palpitoad,536,5,Water,Ground,Standard,75,65,55,65,55,69,662.0,
664,Seismitoad,537,5,Water,Ground,Standard,105,95,75,85,75,74,663.0,
665,Throh,538,5,Fighting,,Standard,120,100,85,30,85,45,,
666,Sawk,539,5,Fighting,,Standard,75,125,75,30,75,85,,
667,Sewaddle,540,5,Bug,Grass,Standard,45,53,70,40,60,42,,
668,Swadloon,541,5,Bug,Grass,Standard,55,63,90,50,80,42,667.0,
669,Leavanny,542,5,Bug,Grass,Standard,75,103,80,70,80,92,668.0,
670,Venipede,543,5,Bug,Poison,Standard,30,45,59,30,39,57,,
671,Whirlipede,544,5,Bug,Poison,Standard,40,55,99,40,79,47,670.0,
672,Scolipede,545,5,Bug,Poison,Standard,60,100,89,55,69,112,671.0,
673,Cottonee,546,5,Grass,Fairy,Standard,40,27,60,37,50,66,,
674,Whimsicott,547,5,Grass,Fairy,Standard,60,67,85,77,75,116,673.0,
675,Petilil,548,5,Grass,,Standard,45,35,50,70,50,30,,
676,Lilligant,549,5,Grass,,Standard,70,60,75,110,75,90,675.0,
677,Lilligant (Hisuian Lilligant),549,8,Grass,Fighting,Standard,70,105,75,50,75,105,675.0,676.0
678,Basculin (Red-Striped Form),550,5,Water,,Standard,70,92,65,80,55,98,,
679,Basculin (Blue-Striped Form),550,5,Water,,Standard,70,92,65,80,55,98,,678.0
680,Basculin (White-Striped Form),550,8,Water,,Standard,70,92,65,80,55,98,,678.0
681,Sandile,551,5,Ground,Dark,Standard,50,72,35,35,35,65,,
682,Krokorok,552,5,Ground,Dark,Standard,60,82,45,45,45,74,681.0,
683,Krookodile,553,5,Ground,Dark,Standard,95,117,80,65,70,92,682.0,
684,Darumaka,554,5,Fire,,Standard,70,90,45,15,45,50,,
685,Darumaka (Galarian Darumaka),554,8,Ice,,Standard,70,90,45,15,45,50,,684.0
686,Darmanitan (Standard Mode),555,5,Fire,,Standard,105,140,55,30,55,95,684.0,
687,Darmanitan (Zen Mode),555,5,Fire,Psychic,Standard,105,30,105,140,105,55,686.0,686.0
688,Darmanitan (Galarian Standard Mode),555,8,Ice,,Standard,105,140,55,30,55,95,685.0,686.0
689,Darmanitan (Galarian Zen Mode),555,8,Ice,Fire,Standard,105,160,55,30,55,135,688.0,686.0
690,Maractus,556,5,Grass,,Standard,75,86,67,106,67,60,,
691,Dwebble,557,5,Bug,Rock,Standard,50,65,85,35,35,55,,
692,Crustle,558,5,Bug,Rock,Standard,70,105,125,65,75,45,691.0,
693,Scraggy,559,5,Dark,Fighting,Standard,50,75,70,35,70,48,,
694,Scrafty,560,5,Dark,Fighting,Standard,65,90,115,45,115,58,693.0,
695,Sigilyph,561,5,Psychic,Flying,Standard,72,58,80,103,80,97,,
696,Yamask,562,5,Ghost,,Standard,38,30,85,55,65,30,,
697,Yamask (Galarian Yamask),562,8,Ground,Ghost,Standard,38,55,85,30,65,30,,696.0
698,Cofagrigus,563,5,Ghost,,Standard,58,50,145,95,105,30,696.0,
699,Tirtouga,564,5,Water,Rock,Fossil,54,78,103,53,45,22,,
700,Carracosta,565,5,Water,Rock,Fossil,74,108,133,83,65,32,699.0,
701,Archen,566,5,Rock,Flying,Fossil,55,112,45,74,45,70,,
702,Archeops,567,5,Rock,Flying,Fossil,75,140,65,112,65,110,701.0,
703,Trubbish,568,5,Poison,,Standard,50,50,62,40,62,65,,
704,Garbodor,569,5,Poison,,Standard,80,95,82,60,82,75,703.0,
705,Garbodor (Gigantamax Garbodor),569,8,Poison,,Gigantamax,80,95,82,60,82,75,704.0,
706,Zorua,570,5,Dark,,Standard,40,65,40,80,40,65,,
707,Zorua (Hisuian Zorua),570,8,Normal,Ghost,Standard,35,60,40,85,40,70,,706.0
708,Zoroark,571,5,Dark,,Standard,60,105,60,120,60,105,706.0,
709,Zoroark (Hisuian Zoroark),571,8,Normal,Ghost,Standard,55,100,60,125,60,110,707.0,708.0
710,Minccino,572,5,Normal,,Standard,55,50,40,40,40,75,,
711,Cinccino,573,5,Normal,,Standard,75,95,60,65,60,115,710.0,
712,Gothita,574,5,Psychic,,Standard,45,30,50,55,65,45,,
713,Gothorita,575,5,Psychic,,Standard,60,45,70,75,85,55,712.0,
714,Gothitelle,576,5,Psychic,,Standard,70,55,95,95,110,65,713.0,
715,Solosis,577,5,Psychic,,Standard,45,30,40,105,50,20,,
716,Duosion,578,5,Psychic,,Standard,65,40,50,125,60,30,715.0,
717,Reuniclus,579,5,Psychic,,Standard,110,65,75,125,85,30,716.0,
718,Ducklett,580,5,Water,Flying,Standard,62,44,50,44,50,55,,
719,Swanna,581,5,Water,Flying,Standard,75,87,63,87,63,98,718.0,
720,Vanillite,582,5,Ice,,Standard,36,50,50,65,60,44,,
721,Vanillish,583,5,Ice,,Standard,51,65,65,80,75,59,720.0,
722,Vanilluxe,584,5,Ice,,Standard,71,95,85,110,95,79,721.0,
723,Deerling,585,5,Normal,Grass,Standard,60,60,50,40,50,75,,
724,Sawsbuck,586,5,Normal,Grass,Standard,80,100,70,60,70,95,723.0,
725,Emolga,587,5,Electric,Flying,Standard,55,75,60,75,60,103,,
726,Karrablast,588,5,Bug,,Standard,50,75,45,40,45,60,,
727,Escavalier,589,5,Bug,Steel,Standard,70,135,105,60,105,20,726.0,
728,Foongus,590,5,Grass,Poison,Standard,69,55,45,55,55,15,,
729,Amoonguss,591,5,Grass,Poison,Standard,114,85,70,85,80,30,728.0,
730,Frillish,592,5,Water,Ghost,Standard,55,40,50,65,85,40,,
731,Jellicent,593,5,Water,Ghost,Standard,100,60,70,85,105,60,730.0,
732,Alomomola,594,5,Water,,Standard,165,75,80,40,45,65,,
733,Joltik,595,5,Bug,Electric,Standard,50,47,50,57,50,65,,
734,Galvantula,596,5,Bug,Electric,Standard,70,77,60,97,60,108,733.0,
735,Ferroseed,597,5,Grass,Steel,Standard,44,50,91,24,86,10,,
736,Ferrothorn,598,5,Grass,Steel,Standard,74,94,131,54,116,20,735.0,
737,Klink,599,5,Steel,,Standard,40,55,70,45,60,30,,
738,Klang,600,5,Steel,,Standard,60,80,95,70,85,50,737.0,
739,Klinklang,601,5,Steel,,Standard,60,100,115,70,85,90,738.0,
740,Tynamo,602,5,Electric,,Standard,35,55,40,45,40,60,,
741,Eelektrik,603,5,Electric,,Standard,65,85,70,75,70,40,740.0,
742,Eelektross,604,5,Electric,,Standard,85,115,80,105,80,50,741.0,
743,Elgyem,605,5,Psychic,,Standard,55,55,55,85,55,30,,
744,Beheeyem,606,5,Psychic,,Standard,75,75,75,125,95,40,743.0,
745,Litwick,607,5,Ghost,Fire,Standard,50,30,55,65,55,20,,
746,Lampent,608,5,Ghost,Fire,Standard,60,40,60,95,60,55,745.0,
747,Chandelure,609,5,Ghost,Fire,Standard,60,55,90,145,90,80,746.0,
748,Axew,610,5,Dragon,,Standard,46,87,60,30,40,57,,
749,Fraxure,611,5,Dragon,,Standard,66,117,70,40,50,67,748.0,
750,Haxorus,612,5,Dragon,,Standard,76,147,90,60,70,97,749.0,
751,Cubchoo,613,5,Ice,,Standard,55,70,40,60,40,40,,
752,Beartic,614,5,Ice,,Standard,95,130,80,70,80,50,751.0,
753,Cryogonal,615,5,Ice,,Standard,80,50,50,95,135,105,,
754,Shelmet,616,5,Bug,,Standard,50,40,85,40,65,25,,
755,Accelgor,617,5,Bug,,Standard,80,70,40,100,60,145,754.0,
756,Stunfisk,618,5,Ground,Electric,Standard,109,66,84,81,99,32,,
757,Stunfisk (Galarian Stunfisk),618,8,Ground,Steel,Standard,109,81,99,66,84,32,,756.0
758,Mienfoo,619,5,Fighting,,Standard,45,85,50,55,50,65,,
759,Mienshao,620,5,Fighting,,Standard,65,125,60,95,60,105,758.0,
760,Druddigon,621,5,Dragon,,Standard,77,120,90,60,90,48,,
761,Golett,622,5,Ground,Ghost,Standard,59,74,50,35,50,35,,
762,Golurk,623,5,Ground,Ghost,Standard,89,124,80,55,80,55,761.0,
763,Pawniard,624,5,Dark,Steel,Standard,45,85,70,40,40,60,,
764,Bisharp,625,5,Dark,Steel,Standard,65,125,100,60,70,70,763.0,
765,Bouffalant,626,5,Normal,,Standard,95,110,95,40,95,55,,
766,Rufflet,627,5,Normal,Flying,Standard,70,83,50,37,50,60,,
767,Braviary,628,5,Normal,Flying,Standard,100,123,75,57,75,80,766.0,
768,Braviary (Hisuian Braviary),628,8,Psychic,Flying,Standard,110,83,70,112,70,65,766.0,767.0
769,Vullaby,629,5,Dark,Flying,Standard,70,55,75,45,65,60,,
770,Mandibuzz,630,5,Dark,Flying,Standard,110,65,105,55,95,80,769.0,
771,Heatmor,631,5,Fire,,Standard,85,97,66,105,66,65,,
772,Durant,632,5,Bug,Steel,Standard,58,109,112,48,48,109,,
773,Deino,633,5,Dark,Dragon,Standard,52,65,50,45,50,38,,
774,Zweilous,634,5,Dark,Dragon,Standard,72,85,70,65,70,58,773.0,
775,Hydreigon,635,5,Dark,Dragon,Standard,92,105,90,125,90,98,774.0,
776,Larvesta,636,5,Bug,Fire,Standard,55,85,55,50,55,60,,
777,Volcarona,637,5,Bug,Fire,Standard,85,60,65,135,105,100,776.0,
778,Cobalion,638,5,Steel,Fighting,Legendary,91,90,129,90,72,108,,
779,Terrakion,639,5,Rock,Fighting,Legendary,91,129,90,72,90,108,,
780,Virizion,640,5,Grass,Fighting,Legendary,91,90,72,90,129,108,,
781,Tornadus (Incarnate Forme),641,5,Flying,,Legendary,79,115,70,125,80,111,,
782,Tornadus (Therian Forme),641,5,Flying,,Legendary,79,100,80,110,90,121,,781.0
783,Thundurus (Incarnate Forme),642,5,Electric,Flying,Legendary,79,115,70,125,80,111,,
784,Thundurus (Therian Forme),642,5,Electric,Flying,Legendary,79,105,70,145,80,101,,783.0
785,Reshiram,643,5,Dragon,Fire,Legendary,100,120,100,150,120,90,,
786,Zekrom,644,5,Dragon,Electric,Legendary,100,150,120,120,100,90,,
787,Landorus (Incarnate Forme),645,5,Ground,Flying,Legendary,89,125,90,115,80,101,,
788,Landorus (Therian Forme),645,5,Ground,Flying,Legendary,89,145,90,105,80,91,,787.0
789,Kyurem,646,5,Dragon,Ice,Legendary,125,130,90,130,90,95,,
790,Kyurem (White Kyurem),646,8,Dragon,Ice,Legendary,125,120,90,170,100,95,,789.0
791,Kyurem (Black Kyurem),646,8,Dragon,Ice,Legendary,125,170,100,120,90,95,,789.0
792,Keldeo (Ordinary Form),647,5,Water,Fighting,Mythical,91,72,90,129,90,108,,
793,Keldeo (Resolute Form),647,5,Water,Fighting,Mythical,91,72,90,129,90,108,,792.0
794,Meloetta (Aria Forme),648,5,Normal,Psychic,Mythical,100,77,77,128,128,90,,
795,Meloetta (Pirouette Forme),648,5,Normal,Fighting,Mythical,100,128,90,77,77,128,,794.0
796,Genesect,649,5,Bug,Steel,Mythical,71,120,95,120,95,99,,
797,Chespin,650,6,Grass,,Starter,56,61,65,48,45,38,,
798,Quilladin,651,6,Grass,,Standard,61,78,95,56,58,57,797.0,
799,Chesnaught,652,6,Grass,Fighting,Standard,88,107,122,74,75,64,798.0,
800,Fennekin,653,6,Fire,,Starter,40,45,40,62,60,60,,
801,Braixen,654,6,Fire,,Standard,59,59,58,90,70,73,800.0,
802,Delphox,655,6,Fire,Psychic,Standard,75,69,72,114,100,104,801.0,
803,Froakie,656,6,Water,,Starter,41,56,40,62,44,71,,
804,Frogadier,657,6,Water,,Standard,54,63,52,83,56,97,803.0,
805,Greninja,658,6,Water,Dark,Standard,72,95,67,103,71,122,804.0,
806,Greninja (Ash-Greninja),658,7,Water,Dark,Standard,72,145,67,153,71,132,804.0,805.0
807,Bunnelby,659,6,Normal,,Standard,38,36,38,32,36,57,,
808,Diggersby,660,6,Normal,Ground,Standard,85,56,77,50,77,78,807.0,
809,Fletchling,661,6,Normal,Flying,Standard,45,50,43,40,38,62,,
810,Fletchinder,662,6,Fire,Flying,Standard,62,73,55,56,52,84,809.0,
811,Talonflame,663,6,Fire,Flying,Standard,78,81,71,74,69,126,810.0,
812,Scatterbug,664,6,Bug,,Standard,38,35,40,27,25,35,,
813,Spewpa,665,6,Bug,,Standard,45,22,60,27,30,29,812.0,
814,Vivillon,666,6,Bug,Flying,Standard,80,52,50,90,50,89,813.0,
815,Litleo,667,6,Fire,Normal,Standard,62,50,58,73,54,72,,
816,Pyroar,668,6,Fire,Normal,Standard,86,68,72,109,66,106,815.0,
817,Flabébé,669,6,Fairy,,Standard,44,38,39,61,79,42,,
818,Floette,670,6,Fairy,,Standard,54,45,47,75,98,52,817.0,
819,Florges,671,6,Fairy,,Standard,78,65,68,112,154,75,818.0,
820,Skiddo,672,6,Grass,,Standard,66,65,48,62,57,52,,
821,Gogoat,673,6,Grass,,Standard,123,100,62,97,81,68,820.0,
822,Pancham,674,6,Fighting,,Standard,67,82,62,46,48,43,,
823,Pangoro,675,6,Fighting,Dark,Standard,95,124,78,69,71,58,822.0,
824,Furfrou,676,6,Normal,,Standard,75,80,60,65,90,102,,
825,Espurr,677,6,Psychic,,Standard,62,48,54,63,60,68,,
826,Meowstic (Male),678,6,Psychic,,Standard,74,48,76,83,81,104,825.0,
827,Meowstic (Female),678,6,Psychic,,Standard,74,48,76,83,81,104,825.0,826.0
828,Honedge,679,6,Steel,Ghost,Standard,45,80,100,35,37,28,,
829,Doublade,680,6,Steel,Ghost,Standard,59,110,150,45,49,35,828.0,
830,Aegislash (Shield Forme),681,6,Steel,Ghost,Standard,60,50,140,50,140,60,829.0,
831,Aegislash (Blade Forme),681,6,Steel,Ghost,Standard,60,140,50,140,50,60,829.0,830.0
832,Spritzee,682,6,Fairy,,Standard,78,52,60,63,65,23,,
833,Aromatisse,683,6,Fairy,,Standard,101,72,72,99,89,29,832.0,
834,Swirlix,684,6,Fairy,,Standard,62,48,66,59,57,49,,
835,Slurpuff,685,6,Fairy,,Standard,82,80,86,85,75,72,834.0,
836,Inkay,686,6,Dark,Psychic,Standard,53,54,53,37,46,45,,
837,Malamar,687,6,Dark,Psychic,Standard,86,92,88,68,75,73,836.0,
838,Binacle,688,6,Rock,Water,Standard,42,52,67,39,56,50,,
839,Barbaracle,689,6,Rock,Water,Standard,72,105,115,54,86,68,838.0,
840,Skrelp,690,6,Poison,Water,Standard,50,60,60,60,60,30,,
841,Dragalge,691,6,Poison,Dragon,Standard,65,75,90,97,123,44,840.0,
842,Clauncher,692,6,Water,,Standard,50,53,62,58,63,44,,
843,Clawitzer,693,6,Water,,Standard,71,73,88,120,89,59,842.0,
844,Helioptile,694,6,Electric,Normal,Standard,44,38,33,61,43,70,,
845,Heliolisk,695,6,Electric,Normal,Standard,62,55,52,109,94,109,844.0,
846,Tyrunt,696,6,Rock,Dragon,Fossil,58,89,77,45,45,48,,
847,Tyrantrum,697,6,Rock,Dragon,Fossil,82,121,119,69,59,71,846.0,
848,Amaura,698,6,Rock,Ice,Fossil,77,59,50,67,63,46,,
849,Aurorus,699,6,Rock,Ice,Fossil,123,77,72,99,92,58,848.0,
850,Sylveon,700,6,Fairy,,Standard,95,65,65,110,130,60,189.0,
851,Hawlucha,701,6,Fighting,Flying,Standard,78,92,75,74,63,118,,
852,Dedenne,702,6,Electric,Fairy,Standard,67,58,57,81,67,101,,
853,Carbink,703,6,Rock,Fairy,Standard,50,50,150,50,150,50,,
854,Goomy,704,6,Dragon,,Standard,45,50,35,55,75,40,,
855,Sliggoo,705,6,Dragon,,Standard,68,75,53,83,113,60,854.0,
856,Sliggoo (Hisuian Sliggoo),705,8,Steel,Dragon,Standard,58,75,83,83,113,40,854.0,855.0
857,Goodra,706,6,Dragon,,Standard,90,100,70,110,150,80,855.0,
858,Goodra (Hisuian Goodra),706,8,Steel,Dragon,Standard,80,100,100,110,150,60,856.0,857.0
859,Klefki,707,6,Steel,Fairy,Standard,57,80,91,80,87,75,,
860,Phantump,708,6,Ghost,Grass,Standard,43,70,48,50,60,38,,
861,Trevenant,709,6,Ghost,Grass,Standard,85,110,76,65,82,56,860.0,
862,Pumpkaboo (Average Size),710,6,Ghost,Grass,Standard,49,66,70,44,55,51,,
863,Pumpkaboo (Small Size),710,6,Ghost,Grass,Standard,44,66,70,44,55,56,,862.0
864,Pumpkaboo (Large Size),710,6,Ghost,Grass,Standard,54,66,70,44,55,46,,862.0
865,Pumpkaboo (Super Size),710,6,Ghost,Grass,Standard,59,66,70,44,55,41,,862.0
866,Gourgeist (Average Size),711,6,Ghost,Grass,Standard,65,90,122,58,75,84,862.0,
867,Gourgeist (Small Size),711,6,Ghost,Grass,Standard,55,85,122,58,75,99,863.0,866.0
868,Gourgeist (Large Size),711,6,Ghost,Grass,Standard,75,95,122,58,75,69,864.0,866.0
869,Gourgeist (Super Size),711,6,Ghost,Grass,Standard,85,100,122,58,75,54,865.0,866.0
870,Bergmite,712,6,Ice,,Standard,55,69,85,32,35,28,,
871,Avalugg,713,6,Ice,,Standard,95,117,184,44,46,28,870.0,
872,Avalugg (Hisuian Avalugg),713,8,Ice,Rock,Standard,95,127,184,34,36,38,870.0,871.0
873,Noibat,714,6,Flying,Dragon,Standard,40,30,35,45,40,55,,
874,Noivern,715,6,Flying,Dragon,Standard,85,70,80,97,80,123,873.0,
875,Xerneas,716,6,Fairy,,Legendary,126,131,95,131,98,99,,
876,Yveltal,717,6,Dark,Flying,Legendary,126,131,95,131,98,99,,
877,Zygarde (50% Forme),718,6,Dragon,Ground,Legendary,108,100,121,81,95,95,878.0,
878,Zygarde (10% Forme),718,7,Dragon,Ground,Legendary,54,100,71,61,85,115,,877.0
879,Zygarde (Complete Forme),718,7,Dragon,Ground,Legendary,216,100,121,91,95,85,877.0,877.0
880,Diancie,719,6,Rock,Fairy,Mythical,50,100,150,100,150,50,,
881,Diancie (Mega Diancie),719,6,Rock,Fairy,Mega,50,160,110,160,110,110,880.0,
882,Hoopa (Hoopa Confined),720,6,Psychic,Ghost,Mythical,80,110,60,150,130,70,,
883,Hoopa (Hoopa Unbound),720,6,Psychic,Dark,Mythical,80,160,60,170,130,80,,882.0
884,Volcanion,721,6,Fire,Water,Mythical,80,110,120,130,90,70,,
885,Rowlet,722,7,Grass,Flying,Starter,68,55,55,50,50,42,,
886,Dartrix,723,7,Grass,Flying,Standard,78,75,75,70,70,52,885.0,
887,Decidueye,724,7,Grass,Ghost,Standard,78,107,75,100,100,70,886.0,
888,Decidueye (Hisuian Decidueye),724,8,Grass,Fighting,Standard,88,112,80,95,95,60,886.0,887.0
889,Litten,725,7,Fire,,Starter,45,65,40,60,40,70,,
890,Torracat,726,7,Fire,,Standard,65,85,50,80,50,90,889.0,
891,Incineroar,727,7,Fire,Dark,Standard,95,115,90,80,90,60,890.0,
892,Popplio,728,7,Water,,Starter,50,54,54,66,56,40,,
893,Brionne,729,7,Water,,Standard,60,69,69,91,81,50,892.0,
894,Primarina,730,7,Water,Fairy,Standard,80,74,74,126,116,60,893.0,
895,Pikipek,731,7,Normal,Flying,Standard,35,75,30,30,30,65,,
896,Trumbeak,732,7,Normal,Flying,Standard,55,85,50,40,50,75,895.0,
897,Toucannon,733,7,Normal,Flying,Standard,80,120,75,75,75,60,896.0,
898,Yungoos,734,7,Normal,,Standard,48,70,30,30,30,45,,
899,Gumshoos,735,7,Normal,,Standard,88,110,60,55,60,45,898.0,
900,Grubbin,736,7,Bug,,Standard,47,62,45,55,45,46,,
901,Charjabug,737,7,Bug,Electric,Standard,57,82,95,55,75,36,900.0,
902,Vikavolt,738,7,Bug,Electric,Standard,77,70,90,145,75,43,901.0,
903,Crabrawler,739,7,Fighting,,Standard,47,82,57,42,47,63,,
904,Crabominable,740,7,Fighting,Ice,Standard,97,132,77,62,67,43,903.0,
905,Oricorio (Baile Style),741,7,Fire,Flying,Standard,75,70,70,98,70,93,,
906,Oricorio (Pom-Pom Style),741,7,Electric,Flying,Standard,75,70,70,98,70,93,,905.0
907,Oricorio (Pa'u Style),741,7,Psychic,Flying,Standard,75,70,70,98,70,93,,905.0
908,Oricorio (Sensu Style),741,7,Ghost,Flying,Standard,75,70,70,98,70,93,,905.0
909,Cutiefly,742,7,Bug,Fairy,Standard,40,45,40,55,40,84,,
910,Ribombee,743,7,Bug,Fairy,Standard,60,55,60,95,70,124,909.0,
911,Rockruff,744,7,Rock,,Standard,45,65,40,30,40,60,,
912,Rockruff (Own Tempo Rockruff),744,7,Rock,,Standard,45,65,40,30,40,60,,911.0
913,Lycanroc (Midday Form),745,7,Rock,,Standard,75,115,65,55,65,112,911.0,
914,Lycanroc (Midnight Form),745,7,Rock,,Standard,85,115,75,55,75,82,911.0,913.0
915,Lycanroc (Dusk Form),745,7,Rock,,Standard,75,117,65,55,65,110,912.0,913.0
916,Wishiwashi (Solo Form),746,7,Water,,Standard,45,20,20,25,25,40,,
917,Wishiwashi (School Form),746,7,Water,,Standard,45,140,130,140,135,30,,916.0
918,Mareanie,747,7,Poison,Water,Standard,50,53,62,43,52,45,,
919,Toxapex,748,7,Poison,Water,Standard,50,63,152,53,142,35,918.0,
920,Mudbray,749,7,Ground,,Standard,70,100,70,45,55,45,,
921,Mudsdale,750,7,Ground,,Standard,100,125,100,55,85,35,920.0,
922,Dewpider,751,7,Water,Bug,Standard,38,40,52,40,72,27,,
923,Araquanid,752,7,Water,Bug,Standard,68,70,92,50,132,42,922.0,
924,Fomantis,753,7,Grass,,Standard,40,55,35,50,35,35,,
925,Lurantis,754,7,Grass,,Standard,70,105,90,80,90,45,924.0,
926,Morelull,755,7,Grass,Fairy,Standard,40,35,55,65,75,15,,
927,Shiinotic,756,7,Grass,Fairy,Standard,60,45,80,90,100,30,926.0,
928,Salandit,757,7,Poison,Fire,Standard,48,44,40,71,40,77,,
929,Salazzle,758,7,Poison,Fire,Standard,68,64,60,111,60,117,928.0,
930,Stufful,759,7,Normal,Fighting,Standard,70,75,50,45,50,50,,
931,Bewear,760,7,Normal,Fighting,Standard,120,125,80,55,60,60,930.0,
932,Bounsweet,761,7,Grass,,Standard,42,30,38,30,38,32,,
933,Steenee,762,7,Grass,,Standard,52,40,48,40,48,62,932.0,
934,Tsareena,763,7,Grass,,Standard,72,120,98,50,98,72,933.0,
935,Comfey,764,7,Fairy,,Standard,51,52,90,82,110,100,,
936,Oranguru,765,7,Normal,Psychic,Standard,90,60,80,90,110,60,,
937,Passimian,766,7,Fighting,,Standard,100,120,90,40,60,80,,
938,Wimpod,767,7,Bug,Water,Standard,25,35,40,20,30,80,,
939,Golisopod,768,7,Bug,Water,Standard,75,125,140,60,90,40,938.0,
940,Sandygast,769,7,Ghost,Ground,Standard,55,55,80,70,45,15,,
941,Palossand,770,7,Ghost,Ground,Standard,85,75,110,100,75,35,940.0,
942,Pyukumuku,771,7,Water,,Standard,55,60,130,30,130,5,,
943,Type: ,772,7,Normal,,Legendary,95,95,95,95,95,59,,
944,Silvally,773,7,Normal,,Legendary,95,95,95,95,95,95,943.0,
945,Minior (Meteor Form),774,7,Rock,Flying,Standard,60,60,100,60,100,60,,
946,Minior (Core Form),774,7,Rock,Flying,Standard,60,100,60,100,60,120,,945.0
947,Komala,775,7,Normal,,Standard,65,115,65,75,95,65,,
948,Turtonator,776,7,Fire,Dragon,Standard,60,78,135,91,85,36,,
949,Togedemaru,777,7,Electric,Steel,Standard,65,98,63,40,73,96,,
950,Mimikyu,778,7,Ghost,Fairy,Standard,55,90,80,50,105,96,,
951,Bruxish,779,7,Water,Psychic,Standard,68,105,70,70,70,92,,
952,Drampa,780,7,Normal,Dragon,Standard,78,60,85,135,91,36,,
953,Dhelmise,781,7,Ghost,Grass,Standard,70,131,100,86,90,40,,
954,Jangmo-o,782,7,Dragon,,Standard,45,55,65,45,45,45,,
955,Hakamo-o,783,7,Dragon,Fighting,Standard,55,75,90,65,70,65,954.0,
956,Kommo-o,784,7,Dragon,Fighting,Standard,75,110,125,100,105,85,955.0,
957,Tapu Koko,785,7,Electric,Fairy,Legendary,70,115,85,95,75,130,,
958,Tapu Lele,786,7,Psychic,Fairy,Legendary,70,85,75,130,115,95,,
959,Tapu Bulu,787,7,Grass,Fairy,Legendary,70,130,115,85,95,75,,
960,Tapu Fini,788,7,Water,Fairy,Legendary,70,75,115,95,130,85,,
961,Cosmog,789,7,Psychic,,Legendary,43,29,31,29,31,37,,
962,Cosmoem,790,7,Psychic,,Legendary,43,29,131,29,131,37,961.0,
963,Solgaleo,791,7,Psychic,Steel,Legendary,137,137,107,113,89,97,962.0,
964,Lunala,792,7,Psychic,Ghost,Legendary,137,113,89,137,107,97,962.0,
965,Nihilego,793,7,Rock,Poison,Ultra Beast,109,53,47,127,131,103,,
966,Buzzwole,794,7,Bug,Fighting,Ultra Beast,107,139,139,53,53,79,,
967,Pheromosa,795,7,Bug,Fighting,Ultra Beast,71,137,37,137,37,151,,
968,Xurkitree,796,7,Electric,,Ultra Beast,83,89,71,173,71,83,,
969,Celesteela,797,7,Steel,Flying,Ultra Beast,97,101,103,107,101,61,,
970,Kartana,798,7,Grass,Steel,Ultra Beast,59,181,131,59,31,109,,
971,Guzzlord,799,7,Dark,Dragon,Ultra Beast,223,101,53,97,53,43,,
972,Necrozma,800,7,Psychic,,Legendary,97,107,101,127,89,79,,
973,Necrozma (Dusk Mane Necrozma),800,7,Psychic,Steel,Legendary,97,157,127,113,109,77,,972.0
974,Necrozma (Dawn Wings Necrozma),800,7,Psychic,Ghost,Legendary,97,113,109,157,127,77,,972.0
975,Necrozma (Ultra Necrozma),800,7,Psychic,Dragon,Legendary,97,167,97,167,97,129,,972.0
976,Magearna,801,7,Steel,Fairy,Mythical,80,95,115,130,115,65,,
977,Marshadow,802,7,Fighting,Ghost,Mythical,90,125,80,90,90,125,,
978,Poipole,803,7,Poison,,Ultra Beast,67,73,67,73,67,73,,
979,Naganadel,804,7,Poison,Dragon,Ultra Beast,73,73,73,127,73,121,978.0,
980,Stakataka,805,7,Rock,Steel,Ultra Beast,61,131,211,53,101,13,,
981,Blacephalon,806,7,Fire,Ghost,Ultra Beast,53,127,53,151,79,107,,
982,Zeraora,807,7,Electric,,Mythical,88,112,75,102,80,143,,
983,Meltan,808,7,Steel,,Mythical,46,65,65,55,35,34,,
984,Melmetal,809,7,Steel,,Mythical,135,143,143,80,65,34,983.0,
985,Melmetal (Gigantamax Melmetal),809,8,Steel,,Gigantamax,135,143,143,80,65,34,984.0,
986,Grookey,810,8,Grass,,Starter,50,65,50,40,40,65,,
987,Thwackey,811,8,Grass,,Standard,70,85,70,55,60,80,986.0,
988,Rillaboom,812,8,Grass,,Standard,100,125,90,60,70,85,987.0,
989,Rillaboom (Gigantamax Rillaboom),812,8,Grass,,Gigantamax,100,125,90,60,70,85,988.0,
990,Scorbunny,813,8,Fire,,Starter,50,71,40,40,40,69,,
991,Raboot,814,8,Fire,,Standard,65,86,60,55,60,94,990.0,
992,Cinderace,815,8,Fire,,Standard,80,116,75,65,75,119,991.0,
993,Cinderace (Gigantamax Cinderace),815,8,Fire,,Gigantamax,80,116,75,65,75,119,992.0,
994,Sobble,816,8,Water,,Starter,50,40,40,70,40,70,,
995,Drizzile,817,8,Water,,Standard,65,60,55,95,55,90,994.0,
996,Inteleon,818,8,Water,,Standard,70,85,65,125,65,120,995.0,
997,Inteleon (Gigantamax Inteleon),818,8,Water,,Gigantamax,70,85,65,125,65,120,996.0,
998,Skwovet,819,8,Normal,,Standard,70,55,55,35,35,25,,
999,Greedent,820,8,Normal,,Standard,120,95,95,55,75,20,998.0,
1000,Rookidee,821,8,Flying,,Standard,38,47,35,33,35,57,,
1001,Corvisquire,822,8,Flying,,Standard,68,67,55,43,55,77,1000.0,
1002,Corviknight,823,8,Flying,Steel,Standard,98,87,105,53,85,67,1001.0,
1003,Corviknight (Gigantamax Corviknight),823,8,Flying,Steel,Gigantamax,98,87,105,53,85,67,1002.0,
1004,Blipbug,824,8,Bug,,Standard,25,20,20,25,45,45,,
1005,Dottler,825,8,Bug,Psychic,Standard,50,35,80,50,90,30,1004.0,
1006,Orbeetle,826,8,Bug,Psychic,Standard,60,45,110,80,120,90,1005.0,
1007,Orbeetle (Gigantamax Orbeetle),826,8,Bug,Psychic,Gigantamax,60,45,110,80,120,90,1006.0,
1008,Nickit,827,8,Dark,,Standard,40,28,28,47,52,50,,
1009,Thievul,828,8,Dark,,Standard,70,58,58,87,92,90,1008.0,
1010,Gossifleur,829,8,Grass,,Standard,40,40,60,40,60,10,,
1011,Eldegoss,830,8,Grass,,Standard,60,50,90,80,120,60,1010.0,
1012,Wooloo,831,8,Normal,,Standard,42,40,55,40,45,48,,
1013,Dubwool,832,8,Normal,,Standard,72,80,100,60,90,88,1012.0,
1014,Chewtle,833,8,Water,,Standard,50,64,50,38,38,44,,
1015,Drednaw,834,8,Water,Rock,Standard,90,115,90,48,68,74,1014.0,
1016,Drednaw (Gigantamax Drednaw),834,8,Water,Rock,Gigantamax,90,115,90,48,68,74,1015.0,
1017,Yamper,835,8,Electric,,Standard,59,45,50,40,50,26,,
1018,Boltund,836,8,Electric,,Standard,69,90,60,90,60,121,1017.0,
1019,Rolycoly,837,8,Rock,,Standard,30,40,50,40,50,30,,
1020,Carkol,838,8,Rock,Fire,Standard,80,60,90,60,70,50,1019.0,
1021,Coalossal,839,8,Rock,Fire,Standard,110,80,120,80,90,30,1020.0,
1022,Coalossal (Gigantamax Coalossal),839,8,Rock,Fire,Gigantamax,110,80,120,80,90,30,1021.0,
1023,Applin,840,8,Grass,Dragon,Standard,40,40,80,40,40,20,,
1024,Flapple,841,8,Grass,Dragon,Standard,70,110,80,95,60,70,1023.0,
1025,Flapple (Gigantamax Flapple),841,8,Grass,Dragon,Gigantamax,70,110,80,95,60,70,1024.0,
1026,Appletun,842,8,Grass,Dragon,Standard,110,85,80,100,80,30,1023.0,
1027,Appletun (Gigantamax Appletun),842,8,Grass,Dragon,Gigantamax,110,85,80,100,80,30,1026.0,
1028,Silicobra,843,8,Ground,,Standard,52,57,75,35,50,46,,
1029,Sandaconda,844,8,Ground,,Standard,72,107,125,65,70,71,1028.0,
1030,Sandaconda (Gigantamax Sandaconda),844,8,Ground,,Gigantamax,72,107,125,65,70,71,1029.0,
1031,Cramorant,845,8,Flying,Water,Standard,70,85,55,85,95,85,,
1032,Arrokuda,846,8,Water,,Standard,41,63,40,40,30,66,,
1033,Barraskewda,847,8,Water,,Standard,61,123,60,60,50,136,1032.0,
1034,Toxel,848,8,Electric,Poison,Baby,40,38,35,54,35,40,,
1035,Toxtricity (Amped Form),849,8,Electric,Poison,Standard,75,98,70,114,70,75,1034.0,
1036,Toxtricity (Gigantamax Toxtricity Amped Form),849,8,Electric,Poison,Gigantamax,75,98,70,114,70,75,1035.0,
1037,Toxtricity (Low Key Form),849,8,Electric,Poison,Standard,75,98,70,114,70,75,1034.0,1035.0
1038,Toxtricity (Gigantamax Toxtricity Low Key Form),849,8,Electric,Poison,Gigantamax,75,98,70,114,70,75,1037.0,1036.0
1039,Sizzlipede,850,8,Fire,Bug,Standard,50,65,45,50,50,45,,
1040,Centiskorch,851,8,Fire,Bug,Standard,100,115,65,90,90,65,1039.0,
1041,Centiskorch (Gigantamax Centiskorch),851,8,Fire,Bug,Gigantamax,100,115,65,90,90,65,1040.0,
1042,Clobbopus,852,8,Fighting,,Standard,50,68,60,50,50,32,,
1043,Grapploct,853,8,Fighting,,Standard,80,118,90,70,80,42,1042.0,
1044,Sinistea,854,8,Ghost,,Standard,40,45,45,74,54,50,,
1045,Polteageist,855,8,Ghost,,Standard,60,65,65,134,114,70,1044.0,
1046,Hatenna,856,8,Psychic,,Standard,42,30,45,56,53,39,,
1047,Hattrem,857,8,Psychic,,Standard,57,40,65,86,73,49,1046.0,
1048,Hatterene,858,8,Psychic,Fairy,Standard,57,90,95,136,103,29,1047.0,
1049,Hatterene (Gigantamax Hatterene),858,8,Psychic,Fairy,Gigantamax,57,90,95,136,103,29,1048.0,
1050,Impidimp,859,8,Dark,Fairy,Standard,45,45,30,55,40,50,,
1051,Morgrem,860,8,Dark,Fairy,Standard,65,60,45,75,55,70,1050.0,
1052,Grimmsnarl,861,8,Dark,Fairy,Standard,95,120,65,95,75,60,1051.0,
1053,Grimmsnarl (Gigantamax Grimmsnarl),861,8,Dark,Fairy,Gigantamax,95,120,65,95,75,60,1052.0,
1054,Obstagoon,862,8,Dark,Normal,Standard,93,90,101,60,81,95,346.0,
1055,Perrserker,863,8,Steel,,Standard,70,110,100,50,60,50,75.0,
1056,Cursola,864,8,Ghost,,Standard,60,95,50,145,130,30,297.0,
1057,Sirfetch'd,865,8,Fighting,,Standard,62,135,95,68,82,65,121.0,
1058,Mr. Rime,866,8,Ice,Psychic,Standard,80,85,75,110,100,70,172.0,
1059,Runerigus,867,8,Ground,Ghost,Standard,58,95,145,50,105,30,697.0,
1060,Milcery,868,8,Fairy,,Standard,45,40,40,50,61,34,,
1061,Alcremie,869,8,Fairy,,Standard,65,60,75,110,121,64,1060.0,
1062,Alcremie (Gigantamax Alcremie),869,8,Fairy,,Gigantamax,65,60,75,110,121,64,1061.0,
1063,Falinks,870,8,Fighting,,Standard,65,100,100,70,60,75,,
1064,Pincurchin,871,8,Electric,,Standard,48,101,95,91,85,15,,
1065,Snom,872,8,Ice,Bug,Standard,30,25,35,45,30,20,,
1066,Frosmoth,873,8,Ice,Bug,Standard,70,65,60,125,90,65,1065.0,
1067,Stonjourner,874,8,Rock,,Standard,100,125,135,20,20,70,,
1068,Eiscue (Ice Face),875,8,Ice,,Standard,75,80,110,65,90,50,,
1069,Eiscue (Noice Face),875,8,Ice,,Standard,75,80,70,65,50,130,,1068.0
1070,Indeedee (Male),876,8,Psychic,Normal,Standard,60,65,55,105,95,95,,
1071,Indeedee (Female),876,8,Psychic,Normal,Standard,70,55,65,95,105,85,,1070.0
1072,Morpeko (Full Belly Mode),877,8,Electric,Dark,Standard,58,95,58,70,58,97,,
1073,Morpeko (Hangry Mode),877,8,Electric,Dark,Standard,58,95,58,70,58,97,,1072.0
1074,Cufant,878,8,Steel,,Standard,72,80,49,40,49,40,,
1075,Copperajah,879,8,Steel,,Standard,122,130,69,80,69,30,1074.0,
1076,Copperajah (Gigantamax Copperajah),879,8,Steel,,Gigantamax,122,130,69,80,69,30,1075.0,
1077,Dracozolt,880,8,Electric,Dragon,Fossil,90,100,90,80,70,75,,
1078,Arctozolt,881,8,Electric,Ice,Fossil,90,100,90,90,80,55,,
1079,Dracovish,882,8,Water,Dragon,Fossil,90,90,100,70,80,75,,
1080,Arctovish,883,8,Water,Ice,Fossil,90,90,100,80,90,55,,
1081,Duraludon,884,8,Steel,Dragon,Standard,70,95,115,120,50,85,,
1082,Duraludon (Gigantamax Duraludon),884,8,Steel,Dragon,Gigantamax,70,95,115,120,50,85,1081.0,
1083,Dreepy,885,8,Dragon,Ghost,Standard,28,60,30,40,30,82,,
1084,Drakloak,886,8,Dragon,Ghost,Standard,68,80,50,60,50,102,1083.0,
1085,Dragapult,887,8,Dragon,Ghost,Standard,88,120,75,100,75,142,1084.0,
1086,Zacian (Hero of Many Battles),888,8,Fairy,,Legendary,92,120,115,80,115,138,,
1087,Zacian (Crowned Sword),888,8,Fairy,Steel,Legendary,92,150,115,80,115,148,,1086.0
1088,Zamazenta (Hero of Many Battles),889,8,Fighting,,Legendary,92,120,115,80,115,138,,
1089,Zamazenta (Crowned Shield),889,8,Fighting,Steel,Legendary,92,120,140,80,140,128,,1088.0
1090,Eternatus,890,8,Poison,Dragon,Legendary,140,85,95,145,95,130,,
1091,Eternatus (Eternamax),890,8,Poison,Dragon,Gigantamax,255,115,250,125,250,130,1090.0,
1092,Kubfu,891,8,Fighting,,Legendary,60,90,60,53,50,72,,
1093,Urshifu (Single Strike Style),892,8,Fighting,Dark,Legendary,100,130,100,63,60,97,1092.0,
1094,Urshifu (Gigantamax Urshifu Single Strike Style),892,8,Fighting,Dark,Gigantamax,100,130,100,63,60,97,1093.0,
1095,Urshifu (Rapid Strike Style),892,8,Fighting,Water,Legendary,100,130,100,63,60,97,1092.0,1093.0
1096,Urshifu (Gigantamax Urshifu Rapid Strike Style),892,8,Fighting,Water,Gigantamax,100,130,100,63,60,97,1095.0,1094.0
1097,Zarude,893,8,Dark,Grass,Mythical,105,120,105,70,95,105,,
1098,Regieleki,894,8,Electric,,Legendary,80,100,50,100,50,200,,
1099,Regidrago,895,8,Dragon,,Legendary,200,100,50,100,50,80,,
1100,Glastrier,896,8,Ice,,Legendary,100,145,130,65,110,30,,
1101,Spectrier,897,8,Ghost,,Legendary,100,65,60,145,80,130,,
1102,Calyrex,898,8,Psychic,Grass,Legendary,100,80,80,80,80,80,,
1103,Calyrex (Ice Rider),898,8,Psychic,Ice,Legendary,100,165,150,85,130,50,,1102.0
1104,Calyrex (Shadow Rider),898,8,Psychic,Ghost,Legendary,100,85,80,165,100,150,,1102.0
1105,Wyrdeer,899,8,Normal,Psychic,Standard,103,105,72,105,75,65,310.0,
1106,Kleavor,900,8,Bug,Rock,Standard,70,135,95,45,70,85,173.0,
1107,Ursaluna,901,8,Ground,Normal,Standard,130,140,105,45,80,50,291.0,
1108,Ursaluna (Bloodmoon),901,9,Ground,Normal,Standard,113,70,120,135,65,52,291.0,1107.0
1109,Basculegion (Male),902,8,Water,Ghost,Standard,120,112,65,80,75,78,680.0,
1110,Basculegion (Female),902,8,Water,Ghost,Standard,120,92,65,100,75,78,680.0,1109.0
1111,Sneasler,903,8,Fighting,Poison,Standard,80,130,60,40,80,120,289.0,
1112,Overqwil,904,8,Dark,Poison,Standard,85,115,95,65,65,85,282.0,
1113,Enamorus (Incarnate Forme),905,8,Fairy,Flying,Legendary,74,115,70,135,80,106,,
1114,Enamorus (Therian Forme),905,8,Fairy,Flying,Legendary,74,115,110,135,100,46,,1113.0
1115,Sprigatito,906,9,Grass,,Starter,40,61,54,45,45,65,,
1116,Floragato,907,9,Grass,,Standard,61,80,63,60,63,83,1115.0,
1117,Meowscarada,908,9,Grass,Dark,Standard,76,110,70,81,70,123,1116.0,
1118,Fuecoco,909,9,Fire,,Starter,67,45,59,63,40,36,,
1119,Crocalor,910,9,Fire,,Standard,81,55,78,90,58,49,1118.0,
1120,Skeledirge,911,9,Fire,Ghost,Standard,104,75,100,110,75,66,1119.0,
1121,Quaxly,912,9,Water,,Starter,55,65,45,50,45,50,,
1122,Quaxwell,913,9,Water,,Standard,70,85,65,65,60,65,1121.0,
1123,Quaquaval,914,9,Water,Fighting,Standard,85,120,80,85,75,85,1122.0,
1124,Lechonk,915,9,Normal,,Standard,54,45,40,35,45,35,,
1125,Oinkologne (Male),916,9,Normal,,Standard,110,100,75,59,80,65,1124.0,
1126,Oinkologne (Female),916,9,Normal,,Standard,115,90,70,59,90,65,1124.0,1125.0
1127,Tarountula,917,9,Bug,,Standard,35,41,45,29,40,20,,
1128,Spidops,918,9,Bug,,Standard,60,79,92,52,86,35,1127.0,
1129,Nymble,919,9,Bug,,Standard,33,46,40,21,25,45,,
1130,Lokix,920,9,Bug,Dark,Standard,71,102,78,52,55,92,1129.0,
1131,Pawmi,921,9,Electric,,Standard,45,50,20,40,25,60,,
1132,Pawmo,922,9,Electric,Fighting,Standard,60,75,40,50,40,85,1131.0,
1133,Pawmot,923,9,Electric,Fighting,Standard,70,115,70,70,60,105,1132.0,
1134,Tandemaus,924,9,Normal,,Standard,50,50,45,40,45,75,,
1135,Maushold (Family of Four),925,9,Normal,,Standard,74,75,70,65,75,111,1134.0,
1136,Maushold (Family of Three),925,9,Normal,,Standard,74,75,70,65,75,111,1134.0,1135.0
1137,Fidough,926,9,Fairy,,Standard,37,55,70,30,55,65,,
1138,Dachsbun,927,9,Fairy,,Standard,57,80,115,50,80,95,1137.0,
1139,Smoliv,928,9,Grass,Normal,Standard,41,35,45,58,51,30,,
1140,Dolliv,929,9,Grass,Normal,Standard,52,53,60,78,78,33,1139.0,
1141,Arboliva,930,9,Grass,Normal,Standard,78,69,90,125,109,39,1140.0,
1142,Squawkabilly (Green Plumage),931,9,Normal,Flying,Standard,82,96,51,45,51,92,,
1143,Squawkabilly (Blue Plumage),931,9,Normal,Flying,Standard,82,96,51,45,51,92,,1142.0
1144,Squawkabilly (Yellow Plumage),931,9,Normal,Flying,Standard,82,96,51,45,51,92,,1142.0
1145,Squawkabilly (White Plumage),931,9,Normal,Flying,Standard,82,96,51,45,51,92,,1142.0
1146,Nacli,932,9,Rock,,Standard,55,55,75,35,35,25,,
1147,Naclstack,933,9,Rock,,Standard,60,60,100,35,65,35,1146.0,
1148,Garganacl,934,9,Rock,,Standard,100,100,130,45,90,35,1147.0,
1149,Charcadet,935,9,Fire,,Standard,40,50,40,50,40,35,,
1150,Armarouge,936,9,Fire,Psychic,Standard,85,60,100,125,80,75,1149.0,
1151,Ceruledge,937,9,Fire,Ghost,Standard,75,125,80,60,100,85,1149.0,
1152,Tadbulb,938,9,Electric,,Standard,61,31,41,59,35,45,,
1153,Bellibolt,939,9,Electric,,Standard,109,64,91,103,83,45,1152.0,
1154,Wattrel,940,9,Electric,Flying,Standard,40,40,35,55,40,70,,
1155,Kilowattrel,941,9,Electric,Flying,Standard,70,70,60,105,60,125,1154.0,
1156,Maschiff,942,9,Dark,,Standard,60,78,60,40,51,51,,
1157,Mabosstiff,943,9,Dark,,Standard,80,120,90,60,70,85,1156.0,
1158,Shroodle,944,9,Poison,Normal,Standard,40,65,35,40,35,75,,
1159,Grafaiai,945,9,Poison,Normal,Standard,63,95,65,80,72,110,1158.0,
1160,Bramblin,946,9,Grass,Ghost,Standard,40,65,30,45,35,60,,
1161,Brambleghast,947,9,Grass,Ghost,Standard,55,115,70,80,70,90,1160.0,
1162,Toedscool,948,9,Ground,Grass,Convergent,40,40,35,50,100,70,,101.0
1163,Toedscruel,949,9,Ground,Grass,Convergent,80,70,65,80,120,100,1162.0,102.0
1164,Klawf,950,9,Rock,,Standard,70,100,115,35,55,75,,
1165,Capsakid,951,9,Grass,,Standard,50,62,40,62,40,50,,
1166,Scovillain,952,9,Grass,Fire,Standard,65,108,65,108,65,75,1165.0,
1167,Rellor,953,9,Bug,,Standard,41,50,60,31,58,30,,
1168,Rabsca,954,9,Bug,Psychic,Standard,75,50,85,115,100,45,1167.0,
1169,Flittle,955,9,Psychic,,Standard,30,35,30,55,30,75,,
1170,Espathra,956,9,Psychic,,Standard,95,60,60,101,60,105,1169.0,
1171,Tinkatink,957,9,Fairy,Steel,Standard,50,45,45,35,64,58,,
1172,Tinkatuff,958,9,Fairy,Steel,Standard,65,55,55,45,82,78,1171.0,
1173,Tinkaton,959,9,Fairy,Steel,Standard,85,75,77,70,105,94,1172.0,
1174,Wiglett,960,9,Water,,Convergent,10,55,25,35,25,95,,69.0
1175,Wugtrio,961,9,Water,,Convergent,35,100,50,50,70,120,1174.0,71.0
1176,Bombirdier,962,9,Flying,Dark,Standard,70,103,85,60,85,82,,
1177,Finizen,963,9,Water,,Standard,70,45,40,45,40,75,,
1178,Palafin (Zero Form),964,9,Water,,Standard,100,70,72,53,62,100,1177.0,
1179,Palafin (Hero Form),964,9,Water,,Standard,100,160,97,106,87,100,1177.0,1178.0
1180,Varoom,965,9,Steel,Poison,Standard,45,70,63,30,45,47,,
1181,Revavroom,966,9,Steel,Poison,Standard,80,119,90,54,67,90,1180.0,
1182,Cyclizar,967,9,Dragon,Normal,Standard,70,95,65,85,65,121,,
1183,Orthworm,968,9,Steel,,Standard,70,85,145,60,55,65,,
1184,Glimmet,969,9,Rock,Poison,Standard,48,35,42,105,60,60,,
1185,Glimmora,970,9,Rock,Poison,Standard,83,55,90,130,81,86,1184.0,
1186,Greavard,971,9,Ghost,,Standard,50,61,60,30,55,34,,
1187,Houndstone,972,9,Ghost,,Standard,72,101,100,50,97,68,1186.0,
1188,Flamigo,973,9,Flying,Fighting,Standard,82,115,74,75,64,90,,
1189,Cetoddle,974,9,Ice,,Standard,108,68,45,30,40,43,,
1190,Cetitan,975,9,Ice,,Standard,170,113,65,45,55,73,1189.0,
1191,Veluza,976,9,Water,Psychic,Standard,90,102,73,78,65,70,,
1192,Dondozo,977,9,Water,,Standard,150,100,115,65,65,35,,
1193,Tatsugiri (Curly Form),978,9,Dragon,Water,Standard,68,50,60,120,95,82,,
1194,Tatsugiri (Droopy Form),978,9,Dragon,Water,Standard,68,50,60,120,95,82,,1193.0
1195,Tatsugiri (Stretchy Form),978,9,Dragon,Water,Standard,68,50,60,120,95,82,,1193.0
1196,Annihilape,979,9,Fighting,Ghost,Standard,110,115,80,50,90,90,82.0,
1197,Clodsire,980,9,Poison,Ground,Standard,130,75,60,45,100,20,262.0,
1198,Farigiraf,981,9,Normal,Psychic,Standard,120,90,70,110,70,60,272.0,
1199,Dudunsparce (Two-Segment Form),982,9,Normal,,Standard,125,100,80,85,75,55,275.0,
1200,Dudunsparce (Three-Segment Form),982,9,Normal,,Standard,125,100,80,85,75,55,275.0,1199.0
1201,Kingambit,983,9,Dark,Steel,Standard,100,135,120,60,85,50,764.0,
1202,Great Tusk,984,9,Ground,Fighting,Paradox,115,131,131,53,53,87,,308.0
1203,Scream Tail,985,9,Fairy,Psychic,Paradox,115,65,99,65,115,111,,58.0
1204,Brute Bonnet,986,9,Grass,Dark,Paradox,111,127,99,79,99,55,,729.0
1205,Flutter Mane,987,9,Ghost,Fairy,Paradox,55,55,55,135,135,135,,269.0
1206,Slither Wing,988,9,Bug,Fighting,Paradox,85,135,79,85,105,81,,777.0
1207,Sandy Shocks,989,9,Electric,Ground,Paradox,85,81,97,121,85,101,,119.0
1208,Iron Treads,990,9,Ground,Steel,Paradox,90,112,120,72,70,106,,308.0
1209,Iron Bundle,991,9,Ice,Water,Paradox,56,80,114,124,60,136,,300.0
1210,Iron Hands,992,9,Fighting,Electric,Paradox,154,140,108,50,68,50,,380.0
1211,Iron Jugulis,993,9,Dark,Flying,Paradox,94,80,86,122,80,108,,775.0
1212,Iron Moth,994,9,Fire,Poison,Paradox,80,70,60,140,110,110,,777.0
1213,Iron Thorns,995,9,Rock,Electric,Paradox,100,134,110,70,84,72,,324.0
1214,Frigibax,996,9,Dragon,Ice,Standard,65,75,45,35,45,55,,
1215,Arctibax,997,9,Dragon,Ice,Standard,90,95,66,45,65,62,1214.0,
1216,Baxcalibur,998,9,Dragon,Ice,Standard,115,145,92,75,86,87,1215.0,
1217,Gimmighoul (Chest Form),999,9,Ghost,,Standard,45,30,70,75,70,10,,
1218,Gimmighoul (Roaming Form),999,9,Ghost,,Standard,45,30,25,75,45,80,,1217.0
1219,Gholdengo,1000,9,Steel,Ghost,Standard,87,60,95,133,91,84,1217.0,
1220,Wo-Chien,1001,9,Dark,Grass,Legendary,85,85,100,95,135,70,,
1221,Chien-Pao,1002,9,Dark,Ice,Legendary,80,120,80,90,65,135,,
1222,Ting-Lu,1003,9,Dark,Ground,Legendary,155,110,125,55,80,45,,
1223,Chi-Yu,1004,9,Dark,Fire,Legendary,55,80,80,135,120,100,,
1224,Roaring Moon,1005,9,Dragon,Dark,Paradox,105,139,71,55,101,119,,470.0
1225,Iron Valiant,1006,9,Fairy,Fighting,Paradox,74,130,90,120,60,116,,590.0
1226,Koraidon,1007,9,Fighting,Dragon,Legendary,100,135,115,85,100,135,,1182.0
1227,Miraidon,1008,9,Electric,Dragon,Legendary,100,85,100,135,115,135,,1182.0
1228,Walking Wake,1009,9,Water,Dragon,Paradox,99,83,91,125,83,109,,321.0
1229,Iron Leaves,1010,9,Grass,Psychic,Paradox,90,130,88,70,108,104,,780.0
1230,Dipplin,1011,9,Grass,Dragon,Standard,80,80,110,95,80,40,1023.0,
1231,Poltchageist,1012,9,Grass,Ghost,Convergent,40,45,45,74,54,50,,1044.0
1232,Sinistcha,1013,9,Grass,Ghost,Convergent,71,60,106,121,80,70,1231.0,1045.0
1233,Okidogi,1014,9,Poison,Fighting,Legendary,88,128,115,58,86,80,,
1234,Munkidori,1015,9,Poison,Psychic,Legendary,88,75,66,130,90,106,,
1235,Fezandipiti,1016,9,Poison,Fairy,Legendary,88,91,82,70,125,99,,
1236,Ogerpon (Teal Mask),1017,9,Grass,,Legendary,80,120,84,60,96,110,,
1237,Ogerpon (Wellspring Mask),1017,9,Grass,Water,Legendary,80,120,84,60,96,110,,1236.0
1238,Ogerpon (Hearthflame Mask),1017,9,Grass,Fire,Legendary,80,120,84,60,96,110,,1236.0
1239,Ogerpon (Cornerstone Mask),1017,9,Grass,Rock,Legendary,80,120,84,60,96,110,,1236.0
1240,Archaludon,1018,9,Steel,Dragon,Standard,90,105,130,125,65,85,1081.0,
1241,Hydrapple,1019,9,Grass,Dragon,Standard,106,80,110,120,80,44,1230.0,
1242,Gouging Fire,1020,9,Fire,Dragon,Paradox,105,115,121,65,93,91,,320.0
1243,Raging Bolt,1021,9,Electric,Dragon,Paradox,125,73,91,137,89,75,,319.0
1244,Iron Boulder,1022,9,Rock,Psychic,Paradox,90,120,80,68,108,124,,779.0
1245,Iron Crown,1023,9,Steel,Psychic,Paradox,90,72,100,122,108,98,,778.0
1246,Terapagos (Normal Form),1024,9,Normal,,Legendary,90,65,85,65,85,60,,
1247,Terapagos (Terastal Form),1024,9,Normal,,Legendary,95,95,110,105,110,85,,1246.0
1248,Terapagos (Stellar Form),1024,9,Normal,,Legendary,160,105,110,130,110,85,,1246.0
1249,Pecharunt,1025,9,Poison,Ghost,Mythical,88,88,160,88,88,88,,
